1.549e-06,0.00153970264864186
1.549002002002e-06,0.00140942778266884
1.549004004004e-06,0.00127950865545223
1.54900600600601e-06,0.00115093925516923
1.54900800800801e-06,0.00102471364338181
1.54901001001001e-06,0.000901818771960321
1.54901201201201e-06,0.000783227265326545
1.54901401401401e-06,0.000669890221197065
1.54901601601602e-06,0.000562730083242561
1.54901801801802e-06,0.000462633639988617
1.54902002002002e-06,0.00037044520427574
1.54902202202202e-06,0.000286960027321482
1.54902402402402e-06,0.000212918000416735
1.54902602602603e-06,0.000148997696186397
1.54902802802803e-06,9.58107993300338e-05
1.54903003003003e-06,5.38969744908075e-05
1.54903203203203e-06,2.37192161263938e-05
1.54903403403403e-06,5.65972180352937e-06
1.54903603603604e-06,1.63268423137707e-08
1.54903803803804e-06,6.99953386289726e-06
1.54904004004004e-06,2.67301663762813e-05
1.54904204204204e-06,5.92376706566371e-05
1.54904404404404e-06,0.000104459084989533
1.54904604604605e-06,0.000162238690021027
1.54904804804805e-06,0.000232328348333052
1.54905005005005e-06,0.000314388535879951
1.54905205205205e-06,0.000407990061924068
1.54905405405405e-06,0.000512616468745269
1.54905605605606e-06,0.000627667096658602
1.54905805805806e-06,0.000752460794314848
1.54906006006006e-06,0.000886240249219535
1.54906206206206e-06,0.0010281769083546
1.54906406406406e-06,0.00117737645380494
1.54906606606607e-06,0.00133288479462468
1.54906806806807e-06,0.00149369453141814
1.54907007007007e-06,0.00165875184715622
1.54907207207207e-06,0.00182696377460631
1.54907407407407e-06,0.00199720578772306
1.54907607607608e-06,0.00216832966293347
1.54907807807808e-06,0.00233917155349565
1.54908008008008e-06,0.00250856022025212
1.54908208208208e-06,0.00267532536013131
1.54908408408408e-06,0.00283830597394226
1.54908608608609e-06,0.0029963587156185
1.54908808808809e-06,0.00314836616431523
1.54909009009009e-06,0.00329324496302582
1.54909209209209e-06,0.00342995376785856
1.54909409409409e-06,0.00355750095359476
1.5490960960961e-06,0.00367495202337537
1.5490980980981e-06,0.00378143667231791
1.5491001001001e-06,0.00387615545700375
1.5491021021021e-06,0.00395838602545594
1.5491041041041e-06,0.00402748886501126
1.54910610610611e-06,0.00408291252808048
1.54910810810811e-06,0.00412419829907866
1.54911011011011e-06,0.0041509842687554
1.54911211211211e-06,0.00416300878547631
1.54911411411411e-06,0.00416011325635855
1.54911611611612e-06,0.0041422442746275
1.54911811811812e-06,0.00410945505315077
1.54912012012012e-06,0.00406190614780804
1.54912212212212e-06,0.0039998654580695
1.54912412412412e-06,0.00392370749619182
1.54912612612613e-06,0.0038339119204499
1.54912812812813e-06,0.00373106133178154
1.54913013013013e-06,0.00361583833778091
1.54913213213213e-06,0.00348902189231467
1.54913413413413e-06,0.00335148292320849
1.54913613613614e-06,0.00320417926566186
1.54913813813814e-06,0.00304814992336388
1.54914014014014e-06,0.00288450868403054
1.54914214214214e-06,0.00271443712132433
1.54914414414414e-06,0.00253917701995296
1.54914614614615e-06,0.00236002226498391
1.54914814814815e-06,0.00217831024236637
1.54915015015015e-06,0.0019954128013898
1.54915215215215e-06,0.00181272683508458
1.54915415415415e-06,0.0016316645387307
1.54915615615616e-06,0.00145364341069209
1.54915815815816e-06,0.0012800760638329
1.54916016016016e-06,0.00111235991895825
1.54916216216216e-06,0.000951866855003527
1.54916416416416e-06,0.000799932892816922
1.54916616616617e-06,0.000657847991250694
1.54916816816817e-06,0.000526846035737456
1.54917017017017e-06,0.000408095099721854
1.54917217217217e-06,0.000302688059256155
1.54917417417417e-06,0.000211633639860126
1.54917617617618e-06,0.000135847973011215
1.54917817817818e-06,7.6146736930383e-05
1.54918018018018e-06,3.32379529358634e-05
1.54918218218218e-06,7.71550403257837e-06
1.54918418418418e-06,5.34376283510051e-08
1.54918618618619e-06,1.06011083628895e-05
1.54918818818819e-06,3.95792104166958e-05
1.54919019019019e-06,8.70767416454455e-05
1.54919219219219e-06,0.000153048934184478
1.54919419419419e-06,0.000237316178007776
1.5491961961962e-06,0.000339563955574667
1.5491981981982e-06,0.000459343796866911
1.5492002002002e-06,0.000596075255297708
1.5492022022022e-06,0.000749048896210512
1.5492042042042e-06,0.000917430280782405
1.54920620620621e-06,0.00110026491977905
1.54920820820821e-06,0.00129648416287961
1.54921021021021e-06,0.00150491198229889
1.54921221221221e-06,0.00172427260104203
1.54921421421421e-06,0.00195319891003339
1.54921621621622e-06,0.00219024161233574
1.54921821821822e-06,0.00243387902627031
1.54922022022022e-06,0.00268252747589591
1.54922222222222e-06,0.00293455219207794
1.54922422422422e-06,0.00318827864505873
1.54922622622623e-06,0.00344200422671823
1.54922822822823e-06,0.0036940101987241
1.54923023023023e-06,0.00394257382262532
1.54923223223223e-06,0.00418598058653076
1.54923423423423e-06,0.00442253644506017
1.54923623623624e-06,0.00465057998790311
1.54923823823824e-06,0.00486849445653142
1.54924024024024e-06,0.00507471952831288
1.54924224224224e-06,0.00526776279096218
1.54924424424424e-06,0.00544621083245126
1.54924624624625e-06,0.00560873987496601
1.54924824824825e-06,0.00575412588416107
1.54925025025025e-06,0.0058812540890899
1.54925225225225e-06,0.00598912785124102
1.54925425425425e-06,0.00607687682502104
1.54925625625626e-06,0.00614376435602357
1.54925825825826e-06,0.00618919406690235
1.54926026026026e-06,0.00621271558472927
1.54926226226226e-06,0.00621402936784651
1.54926426426426e-06,0.00619299059397184
1.54926626626627e-06,0.00614961207563078
1.54926826826827e-06,0.00608406617305175
1.54927027027027e-06,0.00599668567921847
1.54927227227227e-06,0.00588796365588927
1.54927427427427e-06,0.00575855220461632
1.54927627627628e-06,0.00560926016125074
1.54927827827828e-06,0.00544104970790568
1.54928028028028e-06,0.0052550319017598
1.54928228228228e-06,0.00505246112592957
1.54928428428428e-06,0.00483472847382063
1.54928628628629e-06,0.00460335408491171
1.54928828828829e-06,0.0043599784568309
1.54929029029029e-06,0.0041063527658122
1.54929229229229e-06,0.00384432823539476
1.54929429429429e-06,0.00357584460061548
1.5492962962963e-06,0.00330291772386293
1.5492982982983e-06,0.00302762642584808
1.5493003003003e-06,0.00275209860473749
1.5493023023023e-06,0.00247849672334142
1.5493043043043e-06,0.00220900275393093
1.54930630630631e-06,0.00194580267759067
1.54930830830831e-06,0.00169107064194161
1.54931031031031e-06,0.00144695288966928
1.54931231231231e-06,0.00121555157506945
1.54931431431431e-06,0.00099890859204488
1.54931631631632e-06,0.000798989541993041
1.54931831831832e-06,0.000617667972188413
1.54932032032032e-06,0.00045671001865137
1.54932232232232e-06,0.00031775958741084
1.54932432432432e-06,0.000202324207724116
1.54932632632633e-06,0.000111761688575229
1.54932832832833e-06,4.72677058721705e-05
1.54933033033033e-06,9.86444211300716e-06
1.54933233233233e-06,3.90393617301604e-07
1.54933433433433e-06,1.949145152954e-05
1.54933633633634e-06,6.76133528293363e-05
1.54933833833834e-06,0.000144995586137694
1.54934034034034e-06,0.000251666824399232
1.54934234234234e-06,0.000387441942833458
1.54934434434434e-06,0.000551920666123915
1.54934634634635e-06,0.000744487873121663
1.54934834834835e-06,0.000964315572275334
1.54935035035035e-06,0.00121036654476197
1.54935235235235e-06,0.00148139963666535
1.54935435435435e-06,0.00177597666601329
1.54935635635636e-06,0.00209247089579306
1.54935835835836e-06,0.00242907700910282
1.54936036036036e-06,0.00278382251063641
1.54936236236236e-06,0.00315458046501394
1.54936436436436e-06,0.0035390834732862
1.54936636636637e-06,0.0039349387774136
1.54936836836837e-06,0.00433964437680625
1.54937037037037e-06,0.00475060603208759
1.54937237237237e-06,0.00516515502872609
1.54937437437437e-06,0.00558056656712768
1.54937637637638e-06,0.00599407864607397
1.54937837837838e-06,0.00640291130354759
1.54938038038038e-06,0.00680428608198472
1.54938238238238e-06,0.00719544558423978
1.54938438438438e-06,0.00757367299107928
1.54938638638639e-06,0.00793631141429586
1.54938838838839e-06,0.0082807829629773
1.54939039039039e-06,0.00860460740666308
1.54939239239239e-06,0.00890542032319871
1.54939439439439e-06,0.00918099062511221
1.5493963963964e-06,0.0094292373640019
1.5493983983984e-06,0.0096482457175436
1.5494004004004e-06,0.00983628206966748
1.5494024024024e-06,0.00999180809847379
1.5494044044044e-06,0.0101134937932858
1.54940640640641e-06,0.0102002293245223
1.54940840840841e-06,0.0102511356961351
1.54941041041041e-06,0.0102655741129717
1.54941241241241e-06,0.0102431539998316
1.54941441441441e-06,0.0101837396118363
1.54941641641642e-06,0.0100874551791543
1.54941841841842e-06,0.00995468853227946
1.54942042042042e-06,0.00978609315713413
1.54942242242242e-06,0.00958258863298256
1.54942442442442e-06,0.00934535940965003
1.54942642642643e-06,0.00907585188503434
1.54942842842843e-06,0.00877576974876739
1.54943043043043e-06,0.00844706756394778
1.54943243243243e-06,0.0080919425648024
1.54943443443443e-06,0.00771282465758134
1.54943643643644e-06,0.00731236461883751
1.54943843843844e-06,0.00689342049812315
1.54944044044044e-06,0.00645904224172812
1.54944244244244e-06,0.00601245456823174
1.54944444444444e-06,0.00555703814187818
1.54944644644645e-06,0.00509630910315087
1.54944844844845e-06,0.00463389703681029
1.54945045045045e-06,0.00417352147165924
1.54945245245245e-06,0.00371896702843477
1.54945445445445e-06,0.00327405734993493
1.54945645645646e-06,0.00284262796849742
1.54945845845846e-06,0.00242849828522782
1.54946046046046e-06,0.00203544285358961
1.54946246246246e-06,0.00166716218117003
1.54946446446446e-06,0.00132725327745277
1.54946646646647e-06,0.00101918019241265
1.54946846846847e-06,0.000746244803420343
1.54947047047047e-06,0.000511558118249689
1.54947247247247e-06,0.0003180123683196
1.54947447447447e-06,0.000168254171431276
1.54947647647648e-06,6.46590417247762e-05
1.54947847847848e-06,9.30752112880293e-06
1.54948048048048e-06,3.96319797407781e-06
1.54948248248248e-06,5.00528657428623e-05
1.54948448448448e-06,0.000148649058225001
1.54948648648649e-06,0.000300455176470032
1.54948848848849e-06,0.00050579339811244
1.54949049049049e-06,0.000764595531834801
1.54949249249249e-06,0.0010763969487464
1.54949449449449e-06,0.001440333688971
1.5494964964965e-06,0.00185514280634942
1.5494984984985e-06,0.00231916597883762
1.5495005005005e-06,0.00283035637483364
1.5495025025025e-06,0.00338628872895243
1.5495045045045e-06,0.0039841725473048
1.54950650650651e-06,0.00462086832704263
1.54950850850851e-06,0.00529290664452968
1.54951051051051e-06,0.00599650993902194
1.54951251251251e-06,0.00672761679323788
1.54951451451451e-06,0.00748190849008218
1.54951651651652e-06,0.00825483761119652
1.54951851851852e-06,0.00904165842720705
1.54952052052052e-06,0.00983745882117703
1.54952252252252e-06,0.0106371934856646
1.54952452452452e-06,0.0114357181288429
1.54952652652653e-06,0.0122278244324228
1.54952852852853e-06,0.0130082755087938
1.54953053053053e-06,0.0137718416152364
1.54953253253253e-06,0.014513335894522
1.54953453453453e-06,0.0152276499267141
1.54953653653654e-06,0.0159097888900419
1.54953853853854e-06,0.0165549061470993
1.54954054054054e-06,0.017158337087935
1.54954254254254e-06,0.0177156320775554
1.54954454454454e-06,0.0182225883706746
1.54954654654655e-06,0.0186752808718043
1.54954854854855e-06,0.0190700916298397
1.54955055055055e-06,0.0194037379659052
1.54955255255255e-06,0.0196732991449209
1.54955455455455e-06,0.0198762415024331
1.54955655655656e-06,0.0200104419451313
1.54955855855856e-06,0.0200742097416282
1.54956056056056e-06,0.0200663065192155
1.54956256256256e-06,0.0199859643769977
1.54956456456456e-06,0.0198329020192727
1.54956656656657e-06,0.0196073388039803
1.54956856856857e-06,0.0193100065902032
1.54957057057057e-06,0.0189421592574507
1.54957257257257e-06,0.0185055797558949
1.54957457457457e-06,0.0180025845344382
1.54957657657658e-06,0.0174360251816492
1.54957857857858e-06,0.0168092871021571
1.54958058058058e-06,0.0161262850419965
1.54958258258258e-06,0.0153914552715744
1.54958458458458e-06,0.0146097442285048
1.54958658658659e-06,0.0137865934264528
1.54958858858859e-06,0.0129279204420109
1.54959059059059e-06,0.0120400958012695
1.54959259259259e-06,0.0111299156109474
1.54959459459459e-06,0.0102045698011066
1.5495965965966e-06,0.00927160588245775
1.5495985985986e-06,0.00833888816245334
1.5496006006006e-06,0.00741455241450848
1.5496026026026e-06,0.00650695605277934
1.5496046046046e-06,0.00562462393055515
1.54960660660661e-06,0.00477618995352764
1.54960860860861e-06,0.00397033477678633
1.54961061061061e-06,0.00321571993814854
1.54961261261261e-06,0.00252091886674776
1.54961461461461e-06,0.00189434529274958
1.54961661661662e-06,0.00134417966744846
1.54961861861862e-06,0.000878294288337465
1.54962062062062e-06,0.000504177895340003
1.54962262262262e-06,0.000228860571732473
1.54962462462462e-06,5.88398372998146e-05
1.54962662662663e-06,8.85909774772078e-09
1.54962862862863e-06,5.75877288207286e-05
1.54963063063063e-06,0.000236058758919361
1.54963263263263e-06,0.000539106732931081
1.54963463463463e-06,0.000969565007876416
1.54963663663664e-06,0.00152936830790071
1.54963863863864e-06,0.0022195129692421
1.54964064064064e-06,0.00304002529614323
1.54964264264264e-06,0.00398993857496379
1.54964464464464e-06,0.00506727915709548
1.54964664664665e-06,0.00626906188596778
1.54964864864865e-06,0.00759129498894125
1.54965065065065e-06,0.009028994403459
1.54965265265265e-06,0.0105762073578657
1.54965465465465e-06,0.0122260448743154
1.54965665665666e-06,0.0139707227313034
1.54965865865866e-06,0.0158016102957412
1.54966066066066e-06,0.0177092865276049
1.54966266266266e-06,0.0196836023731713
1.54966466466466e-06,0.0217137486984025
1.54966666666667e-06,0.0237883288670752
1.54966866866867e-06,0.0258954350546287
1.54967067067067e-06,0.0280227273830774
1.54967267267267e-06,0.0301575149962768
1.54967467467467e-06,0.0322868382358448
1.54967667667668e-06,0.0343975511422889
1.54967867867868e-06,0.0364764035915308
1.54968068068068e-06,0.0385101224600341
1.54968268268268e-06,0.0404854913266721
1.54968468468468e-06,0.0423894283215761
1.54968668668669e-06,0.0442090618509588
1.54968868868869e-06,0.0459318040382323
1.54969069069069e-06,0.047545421840135
1.54969269269269e-06,0.0490381059025942
1.54969469469469e-06,0.0503985373256275
1.5496966966967e-06,0.0516159526026828
1.5496986986987e-06,0.0526802070806678
1.5497007007007e-06,0.0535818373696805
1.5497027027027e-06,0.054312123181257
1.5497047047047e-06,0.0548631491321104
1.54970670670671e-06,0.0552278670760974
1.54970870870871e-06,0.055400159548416
1.54971071071071e-06,0.0553749049033492
1.54971271271271e-06,0.055148044710772
1.54971471471471e-06,0.0547166539366284
1.54971671671672e-06,0.0540790143744902
1.54971871871872e-06,0.0532346917118073
1.54972072072072e-06,0.0521846165049099
1.54972272272272e-06,0.0509311692011497
1.54972472472472e-06,0.0494782691778033
1.54972672672673e-06,0.0478314675675331
1.54972872872873e-06,0.0459980434003267
1.54973073073073e-06,0.0439871023192991
1.54973273273273e-06,0.041809676811334
1.54973473473473e-06,0.0394788265340384
1.54973673673674e-06,0.0370097369322759
1.54973873873874e-06,0.0344198138917013
1.54974074074074e-06,0.0317287717272489
1.54974274274274e-06,0.0289587112970447
1.54974474474474e-06,0.0261341845506199
1.54974674674675e-06,0.023282241307329
1.54974874874875e-06,0.0204324536031951
1.54975075075075e-06,0.0176169125330403
1.54975275275275e-06,0.0148701921706238
1.54975475475475e-06,0.0122292749737341
1.54975675675676e-06,0.00973343302534886
1.54975875875876e-06,0.00742405965310845
1.54976076076076e-06,0.00534444641088394
1.54976276276276e-06,0.00353950113722607
1.54976476476476e-06,0.00205540390185504
1.54976676676677e-06,0.000939199085901366
1.54976876876877e-06,0.000238323666984145
1.54977077077077e-06,7.39549779574104e-08
1.54977277277277e-06,0.000271015519910702
1.54977477477477e-06,0.00109634378666002
1.54977677677678e-06,0.00251920564890013
1.54977877877878e-06,0.00457999532149357
1.54978078078078e-06,0.00731564035388465
1.54978278278278e-06,0.0107588960731147
1.54978478478478e-06,0.0149376685142902
1.54978678678679e-06,0.0198743869631583
1.54978878878879e-06,0.0255854473795519
1.54979079079079e-06,0.0320807471398569
1.54979279279279e-06,0.0393633295862008
1.54979479479479e-06,0.0474291539126619
1.5497967967968e-06,0.0562670019920182
1.5497987987988e-06,0.0658585290227344
1.5498008008008e-06,0.0761784596688737
1.5498028028028e-06,0.0871949258760621
1.5498048048048e-06,0.0988699371825269
1.54980680680681e-06,0.111159969407615
1.54980880880881e-06,0.124016653331356
1.54981081081081e-06,0.137387541732508
1.54981281281281e-06,0.151216930975276
1.54981481481481e-06,0.165446712390592
1.54981681681682e-06,0.180017228940635
1.54981881881882e-06,0.194868113987997
1.54982082082082e-06,0.209939091317294
1.54982282282282e-06,0.225170718505742
1.54982482482482e-06,0.240505059327862
1.54982682682683e-06,0.255886274628277
1.54982882882883e-06,0.271261124799212
1.54983083083083e-06,0.28657938078685
1.54983283283283e-06,0.301794143639876
1.54983483483483e-06,0.316862075578621
1.54983683683684e-06,0.331743547773608
1.54983883883884e-06,0.346402711874466
1.54984084084084e-06,0.360807503447885
1.54984284284284e-06,0.374929586319863
1.54984484484484e-06,0.388744247001432
1.54984684684685e-06,0.40223024834181
1.54984884884885e-06,0.415369651189967
1.54985085085085e-06,0.428147612149949
1.54985285285285e-06,0.440552164851296
1.54985485485485e-06,0.452573991251537
1.54985685685686e-06,0.464206188583122
1.54985885885886e-06,0.475444036734481
1.54986086086086e-06,0.486284769896452
1.54986286286286e-06,0.496727355616322
1.54986486486486e-06,0.506772283604477
1.54986686686687e-06,0.516421366009936
1.54986886886887e-06,0.525677550357011
1.54987087087087e-06,0.534544745811927
1.54987287287287e-06,0.543027663097984
1.54987487487487e-06,0.55113166802695
1.54987687687688e-06,0.5588626483749
1.54987887887888e-06,0.566226893638602
1.54988088088088e-06,0.57323098706044
1.54988288288288e-06,0.579881709207637
1.54988488488488e-06,0.586185952327206
1.54988688688689e-06,0.59215064467939
1.54988888888889e-06,0.597782684017703
1.54989089089089e-06,0.603088879409346
1.54989289289289e-06,0.608075900602104
1.54989489489489e-06,0.612750234187137
1.5498968968969e-06,0.617118145833931
1.5498988988989e-06,0.621185647929195
1.5499009009009e-06,0.624958471992266
1.5499029029029e-06,0.628442045297627
1.5499049049049e-06,0.631641471169045
1.54990690690691e-06,0.634561512479047
1.54990890890891e-06,0.637206577911657
1.54991091091091e-06,0.639580710609122
1.54991291291291e-06,0.641687578854486
1.54991491491491e-06,0.643530468490929
1.54991691691692e-06,0.645112276806218
1.54991891891892e-06,0.646435507656533
1.54992092092092e-06,0.647502267629108
1.54992292292292e-06,0.648314263082387
1.54992492492492e-06,0.648872797922082
1.54992692692693e-06,0.649178772009343
1.54992892892893e-06,0.64923268011794
1.54993093093093e-06,0.649034611385496
1.54993293293293e-06,0.648584249228386
1.54993493493493e-06,0.647880871715637
1.54993693693694e-06,0.64692335242033
1.54993893893894e-06,0.645710161793166
1.54994094094094e-06,0.644239369130005
1.54994294294294e-06,0.642508645226302
1.54994494494494e-06,0.640515265844894
1.54994694694695e-06,0.638256116149882
1.54994894894895e-06,0.635727696287399
1.54995095095095e-06,0.632926128332684
1.54995295295295e-06,0.629847164848838
1.54995495495495e-06,0.626486199351392
1.54995695695696e-06,0.622838278993114
1.54995895895896e-06,0.618898119851658
1.54996096096096e-06,0.614660125216768
1.54996296296296e-06,0.610118407345363
1.54996496496496e-06,0.605266813177895
1.54996696696697e-06,0.600098954582787
1.54996896896897e-06,0.5946082437172
1.54997097097097e-06,0.588787934166687
1.54997297297297e-06,0.582631168550881
1.54997497497497e-06,0.576131033340426
1.54997697697698e-06,0.569280621660319
1.54997897897898e-06,0.56207310487794
1.54998098098098e-06,0.554501813795156
1.54998298298298e-06,0.546560330258242
1.54998498498498e-06,0.538242589975433
1.54998698698699e-06,0.52954299728863
1.54998898898899e-06,0.520456552539672
1.54999099099099e-06,0.510978992591016
1.54999299299299e-06,0.501106944829785
1.54999499499499e-06,0.490838094822928
1.549996996997e-06,0.480171367444478
1.549998998999e-06,0.46910712097176
1.550001001001e-06,0.457647353188266
1.550003003003e-06,0.445795918032833
1.550005005005e-06,0.433558750703748
1.55000700700701e-06,0.420944098457806
1.55000900900901e-06,0.407962753571457
1.55001101101101e-06,0.394628284103768
1.55001301301301e-06,0.380957257213796
1.55001501501501e-06,0.366969448924261
1.55001701701702e-06,0.352688033304277
1.55001901901902e-06,0.338139743268426
1.55002102102102e-06,0.323354994520431
1.55002302302302e-06,0.308367963639716
1.55002502502502e-06,0.293216611136991
1.55002702702703e-06,0.277942640375327
1.55002902902903e-06,0.26259138379543
1.55003103103103e-06,0.247211608898945
1.55003303303303e-06,0.231855237943053
1.55003503503503e-06,0.216576977351924
1.55003703703704e-06,0.201433855515535
1.55003903903904e-06,0.186484670637025
1.55004104104104e-06,0.171789353852095
1.55004304304304e-06,0.157408256485035
1.55004504504505e-06,0.143401374193852
1.55004704704705e-06,0.129827524281962
1.55004904904905e-06,0.116743495801647
1.55005105105105e-06,0.104203194685996
1.55005305305305e-06,0.092256807834155
1.55005505505505e-06,0.0809500109355869
1.55005705705706e-06,0.0703232442938824
1.55005905905906e-06,0.0604110793352109
1.55006106106106e-06,0.0512416956496348
1.55006306306306e-06,0.0428364846343462
1.55006506506506e-06,0.0352097910884849
1.55006706706707e-06,0.0283687989426361
1.55006906906907e-06,0.0223135618548975
1.55007107107107e-06,0.0170371740167953
1.55007307307307e-06,0.0125260715953052
1.55007507507507e-06,0.00876045094183603
1.55007707707708e-06,0.0057147862910266
1.55007907907908e-06,0.00335842730661228
1.55008108108108e-06,0.00165625549420456
1.55008308308308e-06,0.000569378241922585
1.55008508508508e-06,5.58399209144936e-05
1.55008708708709e-06,7.13309603146598e-05
1.55008908908909e-06,0.000569877936699766
1.55009109109109e-06,0.00150450027195868
1.55009309309309e-06,0.00282782194435416
1.55009509509509e-06,0.00449262949710931
1.5500970970971e-06,0.00645237043291839
1.5500990990991e-06,0.00866158868682725
1.5501011011011e-06,0.0110762961838042
1.5501031031031e-06,0.013654281464075
1.5501051051051e-06,0.0163553579714788
1.55010710710711e-06,0.019141555822026
1.55010910910911e-06,0.0219772617778966
1.55011111111111e-06,0.0248293127007309
1.55011311311311e-06,0.0276670480610614
1.55011511511512e-06,0.0304623271279747
1.55011711711712e-06,0.0331895163353155
1.55011911911912e-06,0.0358254520495851
1.55012112112112e-06,0.0383493835783724
1.55012312312312e-06,0.040742900822392
1.55012512512512e-06,0.0429898504798517
1.55012712712713e-06,0.04507624421944
1.55012912912913e-06,0.0469901617445724
1.55013113113113e-06,0.048721651186697
1.55013313313313e-06,0.0502626288325629
1.55013513513514e-06,0.0516067797634604
1.55013713713714e-06,0.0527494606244772
1.55013913913914e-06,0.0536876053990064
1.55014114114114e-06,0.0544196347790508
1.55014314314314e-06,0.054945369461156
1.55014514514514e-06,0.0552659474893375
1.55014714714715e-06,0.0553837455772317
1.55014914914915e-06,0.0553023041965815
1.55015115115115e-06,0.055026256096175
1.55015315315315e-06,0.0545612578216722
1.55015515515516e-06,0.05391392373774
1.55015715715716e-06,0.053091762005252
1.55015915915916e-06,0.0521031119405529
1.55016116116116e-06,0.0509570821740337
1.55016316316316e-06,0.049663489038258
1.55016516516517e-06,0.0482327946350316
1.55016716716717e-06,0.0466760440792314
1.55016916916917e-06,0.045004801466419
1.55017117117117e-06,0.043231084180965
1.55017317317317e-06,0.0413672952432192
1.55017517517518e-06,0.039426153480906
1.55017717717718e-06,0.0374206214104982
1.55017917917918e-06,0.0353638308227387
1.55018118118118e-06,0.0332690061746468
1.55018318318318e-06,0.03114938600597
1.55018518518519e-06,0.0290181427103819
1.55018718718719e-06,0.026888301110498
1.55018918918919e-06,0.0247726563804661
1.55019119119119e-06,0.0226836919690785
1.55019319319319e-06,0.0206334982544481
1.55019519519519e-06,0.0186336927359947
1.5501971971972e-06,0.0166953426243931
1.5501991991992e-06,0.0148288907253288
1.5502012012012e-06,0.0130440855218397
1.5502032032032e-06,0.0113499163580405
1.55020520520521e-06,0.00975455459007815
1.55020720720721e-06,0.00826530151666263
1.55020920920921e-06,0.00688854382525423
1.55021121121121e-06,0.00562971718981185
1.55021321321321e-06,0.00449327854438818
1.55021521521522e-06,0.00348268742363063
1.55021721721722e-06,0.00260039662142773
1.55021921921922e-06,0.00184785226933098
1.55022122122122e-06,0.00122550328381826
1.55022322322322e-06,0.000732819983931606
1.55022522522523e-06,0.000368321531803011
1.55022722722723e-06,0.000129611716506979
1.55022922922923e-06,1.34224762658887e-05
1.55023123123123e-06,1.56644496730445e-05
1.55023323323323e-06,0.000131483756951178
1.55023523523524e-06,0.000355324144490141
1.55023723723724e-06,0.000680993578179625
1.55023923923924e-06,0.00110173434470352
1.55024124124124e-06,0.00161029571427755
1.55024324324324e-06,0.00219900823095023
1.55024524524525e-06,0.00285985872859523
1.55024724724725e-06,0.00358456521674716
1.55024924924925e-06,0.00436465084035969
1.55025125125125e-06,0.00519151618843095
1.55025325325325e-06,0.00605650930329397
1.55025525525526e-06,0.0069509928269775
1.55025725725726e-06,0.00786640780638562
1.55025925925926e-06,0.00879433376600077
1.55026126126126e-06,0.0097265447380638
1.55026326326326e-06,0.0106550610248312
1.55026526526527e-06,0.0115721965401079
1.55026726726727e-06,0.0124706016456378
1.55026926926927e-06,0.0133433014613805
1.55027127127127e-06,0.0141837296813326
1.55027327327327e-06,0.0149857579712403
1.55027527527528e-06,0.0157437210642355
1.55027727727728e-06,0.0164524376979361
1.55027927927928e-06,0.0171072275608551
1.55028128128128e-06,0.0177039244293006
1.55028328328328e-06,0.0182388856865771
1.55028528528529e-06,0.0187089984189577
1.55028728728729e-06,0.0191116822829163
1.55028928928929e-06,0.0194448893318605
1.55029129129129e-06,0.0197071009831858
1.55029329329329e-06,0.0198973222970401
1.5502952952953e-06,0.0200150737244242
1.5502972972973e-06,0.0200603804718377
1.5502992992993e-06,0.0200337596152372
1.5503013013013e-06,0.0199362050849581
1.5503033033033e-06,0.0197691706315462
1.55030530530531e-06,0.0195345508725396
1.55030730730731e-06,0.0192346605128845
1.55030930930931e-06,0.0188722118250402
1.55031131131131e-06,0.018450290472383
1.55031331331331e-06,0.0179723297575407
1.55031531531532e-06,0.0174420833802199
1.55031731731732e-06,0.016863596792264
1.55031931931932e-06,0.0162411772451935
1.55032132132132e-06,0.0155793626343729
1.55032332332332e-06,0.0148828892553377
1.55032532532533e-06,0.0141566586002943
1.55032732732733e-06,0.0134057033391148
1.55032932932933e-06,0.0126351526417367
1.55033133133133e-06,0.011850197017828
1.55033333333333e-06,0.011056052864446
1.55033533533534e-06,0.0102579269278099
1.55033733733734e-06,0.00946098090018564
1.55033933933934e-06,0.00867029638698263
1.55034134134134e-06,0.00789084048763082
1.55034334334334e-06,0.00712743224493443
1.55034534534535e-06,0.00638471022024267
1.55034734734735e-06,0.00566710145497591
1.55034934934935e-06,0.00497879207630943
1.55035135135135e-06,0.00432369979863936
1.55035335335335e-06,0.00370544856256303
1.55035535535536e-06,0.00312734553728362
1.55035735735736e-06,0.00259236069580918
1.55035935935936e-06,0.00210310914697374
1.55036136136136e-06,0.00166183638588831
1.55036336336336e-06,0.00127040659039758
1.55036536536537e-06,0.000930294064515107
1.55036736736737e-06,0.000642577891069258
1.55036936936937e-06,0.000407939823475355
1.55037137137137e-06,0.000226665409586217
1.55037337337337e-06,9.86483035621218e-05
1.55037537537538e-06,2.33976878936299e-05
1.55037737737738e-06,4.86921639728815e-08
1.55037937937938e-06,2.73756641836861e-05
1.55038138138138e-06,0.000103808119194928
1.55038338338338e-06,0.000227449166766169
1.55038538538539e-06,0.00039609619230207
1.55038738738739e-06,0.000607263550922975
1.55038938938939e-06,0.000858207017318845
1.55039139139139e-06,0.00114594972368478
1.55039339339339e-06,0.00146730931215455
1.5503953953954e-06,0.00181892602533445
1.5503973973974e-06,0.0021972914605635
1.5503993993994e-06,0.00259877771739543
1.5504014014014e-06,0.00301966667909775
1.5504034034034e-06,0.00345617917627703
1.55040540540541e-06,0.00390450379854775
1.55040740740741e-06,0.00436082513361548
1.55040940940941e-06,0.00482135123179776
1.55041141141141e-06,0.00528234011208616
1.55041341341341e-06,0.00574012514507845
1.55041541541542e-06,0.00619113916922098
1.55041741741742e-06,0.00663193721384651
1.55041941941942e-06,0.00705921772424385
1.55042142142142e-06,0.00746984220009931
1.55042342342342e-06,0.00786085317846647
1.55042542542543e-06,0.00822949050656102
1.55042742742743e-06,0.00857320586701201
1.55042942942943e-06,0.00888967552944638
1.55043143143143e-06,0.00917681131796176
1.55043343343343e-06,0.00943276979160341
1.55043543543544e-06,0.00965595964750763
1.55043743743744e-06,0.00984504736340109
1.55043943943944e-06,0.00999896110359658
1.55044144144144e-06,0.0101168929194033
1.55044344344344e-06,0.0101982992797964
1.55044544544545e-06,0.0102428999730159
1.55044744744745e-06,0.0102506754237708
1.55044944944945e-06,0.0102218624743171
1.55045145145145e-06,0.0101569486810097
1.55045345345345e-06,0.010056665181012
1.55045545545546e-06,0.00992197818703974
1.55045745745746e-06,0.00975407917114854
1.55045945945946e-06,0.00955437380219297
1.55046146146146e-06,0.00932446970478932
1.55046346346346e-06,0.00906616311190606
1.55046546546547e-06,0.00878142448757191
1.55046746746747e-06,0.00847238320037827
1.55046946946947e-06,0.00814131133372322
1.55047147147147e-06,0.00779060672373124
1.55047347347347e-06,0.00742277532151567
1.55047547547548e-06,0.00704041298059635
1.55047747747748e-06,0.00664618677877573
1.55047947947948e-06,0.00624281598430994
1.55048148148148e-06,0.00583305278645068
1.55048348348348e-06,0.00541966291107204
1.55048548548549e-06,0.00500540624784331
1.55048748748749e-06,0.00459301761876291
1.55048948948949e-06,0.0041851878193005
1.55049149149149e-06,0.00378454506548089
1.55049349349349e-06,0.00339363697972117
1.5504954954955e-06,0.00301491324811464
1.5504974974975e-06,0.00265070907754545
1.5504994994995e-06,0.00230322957896092
1.5505015015015e-06,0.00197453519592439
1.5505035035035e-06,0.00166652829177028
1.55050550550551e-06,0.00138094099968981
1.55050750750751e-06,0.00111932442986532
1.55050950950951e-06,0.000883039317476744
1.55051151151151e-06,0.000673248181879371
1.55051351351351e-06,0.000490909054996547
1.55051551551552e-06,0.00033677082145011
1.55051751751752e-06,0.000211370199058023
1.55051951951952e-06,0.000115030372220242
1.55052152152152e-06,4.78612756170358e-05
1.55052352352352e-06,9.76150956501745e-06
1.55052552552553e-06,4.21853454334715e-07
1.55052752752753e-06,1.93303288269918e-05
1.55052952952953e-06,6.57787493320119e-05
1.55053153153153e-06,0.000138870681927052
1.55053353353353e-06,0.000237530731290514
1.55053553553554e-06,0.000360515048984147
1.55053753753754e-06,0.000506422958952293
1.55053953953954e-06,0.000673709583637993
1.55054154154154e-06,0.000860699347907556
1.55054354354354e-06,0.0010656002335513
1.55054554554555e-06,0.00128651865408705
1.55054754754755e-06,0.00152147481703512
1.55054954954955e-06,0.00176841844181102
1.55055155155155e-06,0.00202524470165373
1.55055355355355e-06,0.00228981026092286
1.55055555555556e-06,0.00255994928297198
1.55055755755756e-06,0.00283348928830171
1.55055955955956e-06,0.00310826674876508
1.55056156156156e-06,0.00338214230957493
1.55056356356356e-06,0.00365301553862244
1.55056556556557e-06,0.00391883910996382
1.55056756756757e-06,0.00417763233579701
1.55056956956957e-06,0.0044274939705329
1.55057157157157e-06,0.00466661421769945
1.55057357357357e-06,0.00489328587917737
1.55057557557558e-06,0.00510591459462711
1.55057757757758e-06,0.0053030281261935
1.55057957957958e-06,0.00548328465212614
1.55058158158158e-06,0.00564548003949547
1.55058358358358e-06,0.00578855407402868
1.55058558558559e-06,0.00591159563107882
1.55058758758759e-06,0.00601384677865723
1.55058958958959e-06,0.00609470580910963
1.55059159159159e-06,0.00615372920173887
1.55059359359359e-06,0.00619063252418744
1.5505955955956e-06,0.00620529028507976
1.5505975975976e-06,0.00619773475563773
1.5505995995996e-06,0.00616815378222886
1.5506016016016e-06,0.00611688761636144
1.5506036036036e-06,0.00604442479280037
1.55060560560561e-06,0.00595139709066148
1.55060760760761e-06,0.00583857361627719
1.55060960960961e-06,0.00570685405064428
1.55061161161161e-06,0.00555726110801064
1.55061361361361e-06,0.00539093225633229
1.55061561561562e-06,0.00520911075353641
1.55061761761762e-06,0.00501313605777961
1.55061961961962e-06,0.0048044336731764
1.55062162162162e-06,0.00458450449607356
1.55062362362362e-06,0.00435491373024322
1.55062562562563e-06,0.00411727944265138
1.55062762762763e-06,0.00387326083408425
1.55062962962963e-06,0.00362454630180701
1.55063163163163e-06,0.00337284137335755
1.55063363363363e-06,0.00311985659287349
1.55063563563564e-06,0.00286729544209104
1.55063763763764e-06,0.0026168423794011
1.55063963963964e-06,0.00237015108040914
1.55064164164164e-06,0.0021288329628316
1.55064364364364e-06,0.00189444607803819
1.55064564564565e-06,0.00166848444883455
1.55064764764765e-06,0.00145236793111646
1.55064964964965e-06,0.00124743267361463
1.55065165165165e-06,0.00105492224575874
1.55065365365365e-06,0.000875979498770593
1.55065565565566e-06,0.000711639219649456
1.55065765765766e-06,0.00056282163185355
1.55065965965966e-06,0.000430326788710411
1.55066166166166e-06,0.000314829899637666
1.55066366366366e-06,0.00021687761996049
1.55066566566567e-06,0.000136885327999055
1.55066766766767e-06,7.51354040847066e-05
1.55066966966967e-06,3.17765177087617e-05
1.55067167167167e-06,6.82392015562311e-06
1.55067367367367e-06,1.60731492667201e-07
1.55067567567568e-06,1.15402020875152e-05
1.55067767767768e-06,4.05889207232687e-05
1.55067967967968e-06,8.68109333993671e-05
1.55068168168168e-06,0.000149592729538273
1.55068368368368e-06,0.000228209045429049
1.55068568568569e-06,0.000321829428482464
1.55068768768769e-06,0.000429525500320262
1.55068968968969e-06,0.000550278851794412
1.55069169169169e-06,0.000682989499272304
1.55069369369369e-06,0.000826484827704577
1.5506956956957e-06,0.000979528944210918
1.5506976976977e-06,0.00114083236384822
1.5506996996997e-06,0.00130906194818358
1.5507017017017e-06,0.00148285101791918
1.5507037037037e-06,0.00166080956075327
1.55070570570571e-06,0.00184153445712439
1.55070770770771e-06,0.00202361964869008
1.55070970970971e-06,0.00220566617659983
1.55071171171171e-06,0.00238629201974817
1.55071371371371e-06,0.00256414166661758
1.55071571571572e-06,0.0027378953581409
1.55071771771772e-06,0.00290627794316149
1.55071971971972e-06,0.00306806729234349
1.55072172172172e-06,0.00322210222112223
1.55072372372372e-06,0.00336728987700772
1.55072572572573e-06,0.00350261255075358
1.55072772772773e-06,0.00362713387683071
1.55072972972973e-06,0.0037400043922594
1.55073173173173e-06,0.00384046642847666
1.55073373373373e-06,0.00392785831528719
1.55073573573574e-06,0.00400161788052538
1.55073773773774e-06,0.00406128523377561
1.55073973973974e-06,0.00410650482685948
1.55074174174174e-06,0.00413702678795453
1.55074374374374e-06,0.00415270753063896
1.55074574574575e-06,0.00415350964295309
1.55074774774775e-06,0.00413950106575149
1.55074974974975e-06,0.00411085357326506
1.55075175175175e-06,0.00406784057260146
1.55075375375375e-06,0.00401083424245169
1.55075575575576e-06,0.00394030203483459
1.55075775775776e-06,0.0038568025670787
1.55075975975976e-06,0.00376098093439232
1.55076176176176e-06,0.00365356347681276
1.55076376376376e-06,0.00353535203716512
1.55076576576577e-06,0.00340721774956271
1.55076776776777e-06,0.00327009440093656
1.55076976976977e-06,0.00312497141065002
1.55077177177177e-06,0.00297288647537243
1.55077377377377e-06,0.0028149179294024
1.55077577577578e-06,0.00265217687162737
1.55077777777778e-06,0.00248579911282377
1.55077977977978e-06,0.0023169369983051
1.55078178178178e-06,0.00214675116183343
1.55078378378378e-06,0.00197640226780124
1.55078578578579e-06,0.00180704279902843
1.55078778778779e-06,0.00163980894759502
1.55078978978979e-06,0.00147581266575303
1.55079179179179e-06,0.0013161339332858
1.55079379379379e-06,0.00116181329612216
1.5507957957958e-06,0.00101384472982646
1.5507977977978e-06,0.000873168878818974
1.5507997997998e-06,0.000740666720166397
1.5508018018018e-06,0.000617153697115754
1.5508038038038e-06,0.000503374364690326
1.55080580580581e-06,0.00039999758500482
1.55080780780781e-06,0.000307612306467691
1.55080980980981e-06,0.000226723955777146
1.55081181181181e-06,0.000157751467094107
1.55081381381381e-06,0.000101024967353637
1.55081581581582e-06,5.67841315409959e-05
1.55081781781782e-06,2.51772161328043e-05
1.55081981981982e-06,6.26077331968664e-06
1.55082182182182e-06,4.31691079154933e-11
1.55082382382382e-06,6.27001521963807e-06
1.55082582582583e-06,2.48571456745453e-05
1.55082782782783e-06,5.54617110673905e-05
1.55082982982983e-06,9.77007742314668e-05
1.55083183183183e-06,0.000151111733722458
1.55083383383383e-06,0.000215156423406178
1.55083583583584e-06,0.000289225724789256
1.55083783783784e-06,0.000372644651189389
1.55083983983984e-06,0.000464677859629977
1.55084184184184e-06,0.000564535543354554
1.55084384384384e-06,0.000671379656034868
1.55084584584585e-06,0.000784330416612802
1.55084784784785e-06,0.000902473042482452
1.55084984984985e-06,0.00102486465828951
1.55085185185185e-06,0.0011505413265931
1.55085385385385e-06,0.00127852514761622
1.55085585585586e-06,0.00140783137505587
1.55085785785786e-06,0.00153747549650744
1.55085985985986e-06,0.00166648022808431
1.55086186186186e-06,0.00179388237461357
1.55086386386386e-06,0.00191873950879994
1.55086586586587e-06,0.00204013642496373
1.55086786786787e-06,0.00215719132563319
1.55086986986987e-06,0.00226906170193026
1.55087187187187e-06,0.00237494987156422
1.55087387387387e-06,0.00247410814129115
1.55087587587588e-06,0.00256584356419595
1.55087787787788e-06,0.00264952226484314
1.55087987987988e-06,0.0027245733091835
1.55088188188188e-06,0.00279049209917058
1.55088388388388e-06,0.0028468432755029
1.55088588588589e-06,0.00289326311526762
1.55088788788789e-06,0.00292946141457891
1.55088988988989e-06,0.00295522284971433
1.55089189189189e-06,0.00297040781338849
1.55089389389389e-06,0.00297495272618086
1.5508958958959e-06,0.00296886982618402
1.5508978978979e-06,0.00295224644312
1.5508998998999e-06,0.00292524376618426
1.5509019019019e-06,0.00288809511777764
1.5509039039039e-06,0.00284110374830007
1.55090590590591e-06,0.00278464016978459
1.55090790790791e-06,0.00271913904897937
1.55090990990991e-06,0.00264509568305664
1.55091191191191e-06,0.0025630620834323
1.55091391391391e-06,0.00247364269594502
1.55091591591592e-06,0.00237748978721754
1.55091791791792e-06,0.00227529852987226
1.55091991991992e-06,0.00216780182046833
1.55092192192192e-06,0.00205576486632594
1.55092392392392e-06,0.00193997957859105
1.55092592592593e-06,0.00182125881043719
1.55092792792793e-06,0.00170043048035818
1.55092992992993e-06,0.00157833162138784
1.55093193193193e-06,0.00145580239781909
1.55093393393393e-06,0.00133368013104392
1.55093593593594e-06,0.00121279337673303
1.55093793793794e-06,0.00109395609480804
1.55093993993994e-06,0.000977961953619583
1.55094194194194e-06,0.000865578808370913
1.55094394394394e-06,0.000757543393259882
1.55094594594595e-06,0.00065455626497169
1.55094794794795e-06,0.00055727703341537
1.55094994994995e-06,0.000466319913620371
1.55095195195195e-06,0.00038224963025992
1.55095395395395e-06,0.000305577703642566
1.55095595595596e-06,0.000236759142963287
1.55095795795796e-06,0.000176189569892351
1.55095995995996e-06,0.000124202791403486
1.55096196196196e-06,8.10688381458026e-05
1.55096396396396e-06,4.69924803159521e-05
1.55096596596597e-06,2.21122294530588e-05
1.55096796796797e-06,6.49983068697318e-06
1.55096996996997e-06,1.60246097225926e-07
1.55097197197197e-06,3.03212588947098e-06
1.55097397397397e-06,1.49887603193994e-05
1.55097597597598e-06,3.58395015124366e-05
1.55097797797798e-06,6.53316406983074e-05
1.55097997997998e-06,0.000103152722922878
1.55098198198198e-06,0.000148933277987399
1.55098398398398e-06,0.00020224994337842
1.55098598598599e-06,0.000262628952072385
1.55098798798799e-06,0.000329549955579173
1.55098998998999e-06,0.000402450150447057
1.55099199199199e-06,0.000480728674321584
1.55099399399399e-06,0.000563751236348436
1.550995995996e-06,0.000650854944963475
1.550997997998e-06,0.000741353295716438
1.551e-06,0.000834541280671253
