1.54900328e-06,0.000647986409585789
1.54900428050025e-06,0.000616039476966185
1.5490052810005e-06,0.000583082578893301
1.54900628150075e-06,0.000549312172218553
1.549007282001e-06,0.000514930039985403
1.54900828250125e-06,0.000480142108798377
1.5490092830015e-06,0.000445157237928986
1.54901028350175e-06,0.00041018598718802
1.549011284002e-06,0.000375439370821768
1.54901228450225e-06,0.000341127604806631
1.5490132850025e-06,0.000307458854993995
1.54901428550275e-06,0.000274637993357971
1.549015286003e-06,0.0002428653701689
1.54901628650325e-06,0.000212335609168829
1.5490172870035e-06,0.000183236433237626
1.54901828750375e-06,0.000155747527655154
1.549019288004e-06,0.000130039447934074
1.54902028850425e-06,0.000106272578991441
1.5490212890045e-06,8.45961520581465e-05
1.54902228950475e-06,6.51473254924213e-05
1.549023290005e-06,4.80503353408782e-05
1.54902429050525e-06,3.34157208498512e-05
1.5490252910055e-06,2.13396300322904e-05
1.54902629150575e-06,1.1903209639666e-05
1.549027292006e-06,5.172083551921e-06
1.54902829250625e-06,1.19592293516487e-06
1.5490292930065e-06,8.11113167416615e-09
1.54903029350675e-06,1.62550547316525e-06
1.549031294007e-06,6.04829777192005e-06
1.54903229450725e-06,1.32599745471216e-05
1.5490332950075e-06,2.32273774554134e-05
1.54903429550775e-06,3.59008638016656e-05
1.549035296008e-06,5.12145663088345e-05
1.54903629650825e-06,6.90867508173385e-05
1.5490372970085e-06,8.94202698616823e-05
1.54903829750875e-06,0.000112103109589064
1.549039298009e-06,0.000137009026817307
1.54904029850925e-06,0.000163998272494679
1.5490412990095e-06,0.000192918397358768
1.54904229950975e-06,0.000223605134982186
1.54904330001001e-06,0.000255883356966051
1.54904430051026e-06,0.000289568094624657
1.54904530101051e-06,0.000324465621137236
1.54904630151076e-06,0.000360374587568412
1.54904730201101e-06,0.000397087206132732
1.54904830251126e-06,0.000434390473669398
1.54904930301151e-06,0.000472067427894827
1.54905030351176e-06,0.000509898429074764
1.54905130401201e-06,0.000547662459589637
1.54905230451226e-06,0.000585138433471645
1.54905330501251e-06,0.000622106508289026
1.54905430551276e-06,0.000658349391595453
1.54905530601301e-06,0.00069365363423681
1.54905630651326e-06,0.000727810902798912
1.54905730701351e-06,0.000760619223763038
1.54905830751376e-06,0.000791884192070029
1.54905930801401e-06,0.000821420136820987
1.54906030851426e-06,0.000849051237413506
1.54906130901451e-06,0.000874612583449992
1.54906230951476e-06,0.000897951172213995
1.54906331001501e-06,0.000918926837798061
1.54906431051526e-06,0.00093741310636816
1.54906531101551e-06,0.000953297972591125
1.54906631151576e-06,0.000966484592495131
1.54906731201601e-06,0.000976891888656896
1.54906831251626e-06,0.000984455064069977
1.54906931301651e-06,0.000989126021544557
1.54907031351676e-06,0.00099087368601267
1.54907131401701e-06,0.000989684227696516
1.54907231451726e-06,0.000985561184621086
1.54907331501751e-06,0.000978525483523333
1.54907431551776e-06,0.000968615358797068
1.54907531601801e-06,0.000955886169674858
1.54907631651826e-06,0.000940410116417325
1.54907731701851e-06,0.000922275856864877
1.54907831751876e-06,0.000901588025340881
1.54907931801901e-06,0.000878466656236585
1.54908031851926e-06,0.000853046515497942
1.54908131901951e-06,0.000825476343497839
1.54908231951976e-06,0.000795918013356821
1.54908332002001e-06,0.000764545609394213
1.54908432052026e-06,0.000731544430766102
1.54908532102051e-06,0.000697109925849075
1.54908632152076e-06,0.000661446563249638
1.54908732202101e-06,0.000624766645966459
1.54908832252126e-06,0.000587289075327978
1.54908932302151e-06,0.000549238071836153
1.54909032352176e-06,0.0005108418602219
1.54909132402201e-06,0.00047233132648404
1.54909232452226e-06,0.000433938654517042
1.54909332502251e-06,0.000395895950563793
1.54909432552276e-06,0.000358433863463322
1.54909532602301e-06,0.000321780209005078
1.54909632652326e-06,0.000286158606472946
1.54909732702351e-06,0.000251787135764382
1.54909832752376e-06,0.000218877023078026
1.54909932802401e-06,0.000187631363236265
1.54910032852426e-06,0.000158243886417516
1.54910132902451e-06,0.000130897777006029
1.54910232952476e-06,0.000105764551778014
1.54910333002501e-06,8.30030044059677e-05
1.54910433052526e-06,6.27582230863026e-05
1.54910533102551e-06,4.51606872877434e-05
1.54910633152576e-06,3.03254495066054e-05
1.54910733202601e-06,1.83514072346685e-05
1.54910833252626e-06,9.32066988032737e-06
1.54910933302651e-06,3.29802473572864e-06
1.54911033352676e-06,3.30505625246869e-07
1.54911133402701e-06,4.47067067086272e-07
1.54911233452726e-06,3.65836627396207e-06
1.54911333502751e-06,9.95665457958768e-06
1.54911433552776e-06,1.93157792404451e-05
1.54911533602801e-06,3.16912958305008e-05
1.54911633652826e-06,4.70206908189363e-05
1.54911733702851e-06,6.52237131822232e-05
1.54911833752876e-06,8.62028132567438e-05
1.54911933802901e-06,0.000109843686323959
1.54912033852926e-06,0.000136015917886092
1.54912133902951e-06,0.000164573726740482
1.54912233952976e-06,0.000195356801624823
1.54912334003001e-06,0.000228191226403012
1.54912434053027e-06,0.000262890488355878
1.54912534103052e-06,0.000299256563474084
1.54912634153077e-06,0.000337081072553345
1.54912734203102e-06,0.000376146500819463
1.54912834253127e-06,0.000416227474171387
1.54912934303152e-06,0.000457092084129072
1.54913034353177e-06,0.00049850325396476
1.54913134403202e-06,0.000540220137389309
1.54913234453227e-06,0.000581999541956343
1.54913334503252e-06,0.000623597368477991
1.54913434553277e-06,0.00066477005789316
1.54913534603302e-06,0.000705276037152933
1.54913634653327e-06,0.000744877155523122
1.54913734703352e-06,0.000783340102792524
1.54913834753377e-06,0.000820437801018602
1.54913934803402e-06,0.000855950761697662
1.54914034853427e-06,0.000889668400286829
1.54914134903452e-06,0.000921390300363284
1.54914234953477e-06,0.000950927420017935
1.54914335003502e-06,0.000978103233426266
1.54914435053527e-06,0.00100275480073728
1.54914535103552e-06,0.00102473376016154
1.54914635153577e-06,0.00104390723622612
1.54914735203602e-06,0.00106015865899417
1.54914835253627e-06,0.00107338848918202
1.54914935303652e-06,0.00108351484495947
1.54915035353677e-06,0.00109047402659987
1.54915135403702e-06,0.00109422093570207
1.54915235453727e-06,0.00109472938643335
1.54915335503752e-06,0.00109199230668134
1.54915435553777e-06,0.00108602182774524
1.54915535603802e-06,0.00107684926173583
1.54915635653827e-06,0.00106452496655438
1.54915735703852e-06,0.00104911809885186
1.54915835753877e-06,0.00103071625613436
1.54915935803902e-06,0.00100942500971625
1.54916035853927e-06,0.000985367330795209
1.54916135903952e-06,0.00095868291275203
1.54916235953977e-06,0.000929527393085465
1.54916336004002e-06,0.000898071479293234
1.54916436054027e-06,0.000864499983194295
1.54916536104052e-06,0.000829010769252399
1.54916636154077e-06,0.000791813622383855
1.54916736204102e-06,0.000753129041781807
1.54916836254127e-06,0.000713186967325076
1.54916936304152e-06,0.000672225445882804
1.54917036354177e-06,0.000630489245061593
1.54917136404202e-06,0.000588228422171397
1.54917236454227e-06,0.000545696856935408
1.54917336504252e-06,0.00050315075627101
1.54917436554277e-06,0.00046084713984141
1.54917536604302e-06,0.000419042315410577
1.54917636654327e-06,0.000377990353038314
1.54917736704352e-06,0.000337941567018219
1.54917836754377e-06,0.000299141014920301
1.54917936804402e-06,0.000261827022585476
1.54918036854427e-06,0.0002262297442486
1.54918136904452e-06,0.000192569766359445
1.54918236954477e-06,0.000161056763922109
1.54918337004502e-06,0.000131888217587368
1.54918437054527e-06,0.000105248199404175
1.54918537104552e-06,8.130623511127e-05
1.54918637154577e-06,6.02162498759708e-05
1.54918737204602e-06,4.21156044417992e-05
1.54918837254627e-06,2.71242276872175e-05
1.54918937304652e-06,1.5343851356037e-05
1.54919037354677e-06,6.85735189977587e-06
1.54919137404702e-06,1.72820378692141e-06
1.54919237454727e-06,4.80085358266633e-11
1.54919337504752e-06,1.69637872907074e-06
1.54919437554777e-06,6.82035032416746e-06
1.54919537604802e-06,1.5354706321786e-05
1.54919637654827e-06,2.7261830997567e-05
1.54919737704852e-06,4.24839235472986e-05
1.54919837754877e-06,6.09432941573534e-05
1.54919937804902e-06,8.2542780277316e-05
1.54920037854927e-06,0.000107166280915784
1.54920137904952e-06,0.000134679405839283
1.54920237954977e-06,0.000164930235978503
1.54920338005003e-06,0.000197750190484561
1.54920438055028e-06,0.000232954995453667
1.54920538105053e-06,0.000270345748479179
1.54920638155078e-06,0.000309710072746788
1.54920738205103e-06,0.000350823353729225
1.54920838255128e-06,0.00039345005124316
1.54920938305153e-06,0.000437345078843773
1.54921038355178e-06,0.000482255242473866
1.54921138405203e-06,0.000527920729661382
1.54921238455228e-06,0.000574076640571358
1.54921338505253e-06,0.00062045455153462
1.54921438555278e-06,0.000666784101963859
1.54921538605303e-06,0.000712794595230231
1.54921638655328e-06,0.000758216603866813
1.54921738705353e-06,0.000802783569695902
1.54921838755378e-06,0.000846233389539057
1.54921938805403e-06,0.000888309976901944
1.54922038855428e-06,0.000928764790723017
1.54922138905453e-06,0.000967358321969676
1.54922238955478e-06,0.00100386152957297
1.54922339005503e-06,0.00103805721703436
1.54922439055528e-06,0.0010697413418199
1.54922539105553e-06,0.00109872424983204
1.54922639155578e-06,0.00112483182760853
1.54922739205603e-06,0.00114790656556134
1.54922839255628e-06,0.00116780852596769
1.54922939305653e-06,0.00118441621000576
1.54923039355678e-06,0.00119762731857341
1.54923139405703e-06,0.00120735940244031
1.54923239455728e-06,0.00121355039768485
1.54923339505753e-06,0.00121615904316121
1.54923439555778e-06,0.00121516517727501
1.54923539605803e-06,0.00121056991212803
1.54923639655828e-06,0.00120239568367674
1.54923739705853e-06,0.0011906861772941
1.54923839755878e-06,0.00117550612881374
1.54923939805903e-06,0.00115694100179005
1.54924039855928e-06,0.00113509654247944
1.54924139905953e-06,0.0011100982146354
1.54924239955978e-06,0.00108209051703116
1.54924340006003e-06,0.00105123618709262
1.54924440056028e-06,0.00101771529500995
1.54924540106053e-06,0.000981724232904591
1.54924640156078e-06,0.000943474604650628
1.54924740206103e-06,0.000903192022346208
1.54924840256128e-06,0.000861114816008328
1.54924940306153e-06,0.000817492663626876
1.54925040356178e-06,0.00077258514925572
1.54925140406203e-06,0.000726660257340904
1.54925240456228e-06,0.000679992811556662
1.54925340506253e-06,0.000632862867458195
1.54925440556278e-06,0.000585554067864764
1.54925540606303e-06,0.000538351970824761
1.54925640656328e-06,0.000491542359649845
1.54925740706353e-06,0.000445409545195932
1.54925840756378e-06,0.000400234670478708
1.54925940806403e-06,0.000356294027495275
1.54926040856428e-06,0.00031385739676857
1.54926140906453e-06,0.00027318641939668
1.54926240956478e-06,0.000234533011684148
1.54926341006503e-06,0.0001981378320397
1.54926441056528e-06,0.000164228809733409
1.54926541106553e-06,0.000133019744595889
1.54926641156578e-06,0.000104708986521271
1.54926741206603e-06,7.94782030435333e-05
1.54926841256628e-06,5.7491243058408e-05
1.54926941306653e-06,3.88931036705599e-05
1.54927041356678e-06,2.38090071870945e-05
1.54927141406703e-06,1.23435941004815e-05
1.54927241456728e-06,4.58023748576703e-06
1.54927341506753e-06,5.80483399019346e-07
1.54927441556778e-06,3.83621134933379e-07
1.54927541606803e-06,4.00638635062538e-06
1.54927641656828e-06,1.14427992773982e-05
1.54927741706853e-06,2.26641393924311e-05
1.54927841756878e-06,3.76190570459878e-05
1.54927941806903e-06,5.62338216839475e-05
1.54928041856928e-06,7.84127055080237e-05
1.54928141906953e-06,0.000104038500439845
1.54928241956978e-06,0.000132973165540392
1.54928342007003e-06,0.000165058601136759
1.54928442057029e-06,0.000200117545193422
1.54928542107054e-06,0.000237954586522846
1.54928642157079e-06,0.000278357289032477
1.54928742207104e-06,0.000321097420112769
1.54928842257129e-06,0.000365932275978188
1.54928942307154e-06,0.000412606095922788
1.54929042357179e-06,0.000460851557201763
1.54929142407204e-06,0.000510391341379255
1.54929242457229e-06,0.000560939762938163
1.54929342507254e-06,0.000612204450360073
1.54929442557279e-06,0.0006638880696582
1.54929542607304e-06,0.000715690080099516
1.54929642657329e-06,0.000767308511679885
1.54929742707354e-06,0.00081844175380841
1.54929842757379e-06,0.000868790344612514
1.54929942807404e-06,0.000918058750294663
1.54930042857429e-06,0.000965957124051653
1.54930142907454e-06,0.00101220303422039
1.54930242957479e-06,0.00105652315143545
1.54930343007504e-06,0.0010986548850736
1.54930443057529e-06,0.00113834795917938
1.54930543107554e-06,0.00117536591882915
1.54930643157579e-06,0.0012094875580112
1.54930743207604e-06,0.00124050826076436
1.54930843257629e-06,0.00126824124767628
1.54930943307654e-06,0.001292518720325
1.54931043357679e-06,0.00131319289716375
1.54931143407704e-06,0.00133013693446993
1.54931243457729e-06,0.00134324572702098
1.54931343507754e-06,0.00135243658360893
1.54931443557779e-06,0.00135764977330472
1.54931543607804e-06,0.00135884893901482
1.54931643657829e-06,0.00135602137566135
1.54931743707854e-06,0.00134917817104299
1.54931843757879e-06,0.00133835420817258
1.54931943807904e-06,0.00132360802869447
1.54932043857929e-06,0.00130502155769016
1.54932143907954e-06,0.00128269969103795
1.54932243957979e-06,0.00125676974711933
1.54932344008004e-06,0.00122738078568245
1.54932444058029e-06,0.00119470279704338
1.54932544108054e-06,0.00115892576596109
1.54932644158079e-06,0.00112025861503366
1.54932744208104e-06,0.00107892803302222
1.54932844258129e-06,0.0010351771946073
1.54932944308154e-06,0.000989264378389059
1.54933044358179e-06,0.000941461490625612
1.54933144408204e-06,0.000892052503008152
1.54933244458229e-06,0.000841331812996562
1.54933344508254e-06,0.000789602536126253
1.54933444558279e-06,0.000737174739713788
1.54933544608304e-06,0.000684363628378759
1.54933644658329e-06,0.000631487691507483
1.54933744708354e-06,0.000578866823766877
1.54933844758379e-06,0.000526820429276527
1.54933944808404e-06,0.000475665521086264
1.54934044858429e-06,0.000425714826957156
1.54934144908454e-06,0.000377274912907979
1.54934244958479e-06,0.000330644335916608
1.54934345008504e-06,0.000286111837044588
1.54934445058529e-06,0.000243954585973933
1.54934545108554e-06,0.000204436487990584
1.54934645158579e-06,0.000167806563804531
1.54934745208604e-06,0.000134297412553544
1.54934845258629e-06,0.000104123767575654
1.54934945308654e-06,7.74811543076961e-05
1.54935045358679e-06,5.45446588597647e-05
1.54935145408704e-06,3.54678152820058e-05
1.54935245458729e-06,2.03816188742259e-05
1.54935345508754e-06,9.39367200162463e-06
1.54935445558779e-06,2.58746822925003e-06
1.54935545608804e-06,2.18196087359318e-08
1.54935645658829e-06,1.73043116791277e-06
1.54935745708854e-06,7.72162565806624e-06
1.54935845758879e-06,1.79782207380251e-05
1.54935945808904e-06,3.24575597620785e-05
1.54936045858929e-06,5.10916963977639e-05
1.54936145908954e-06,7.37877323415435e-05
1.54936245958979e-06,0.000100428306367576
1.54936346009005e-06,0.000130872232066789
1.5493644605903e-06,0.000164955280628969
1.54936546109055e-06,0.000202491104166253
1.5493664615908e-06,0.000243272294143099
1.54936746209105e-06,0.000287071568511721
1.5493684625913e-06,0.000333643080831865
1.54936946309155e-06,0.000382723843121853
1.5493704635918e-06,0.000434035254218073
1.54937146409205e-06,0.000487284724349382
1.5493724645923e-06,0.000542167386266458
1.54937346509255e-06,0.000598367882554226
1.5493744655928e-06,0.000655562218467591
1.54937546609305e-06,0.000713419669340263
1.5493764665933e-06,0.000771604731021011
1.54937746709355e-06,0.000829779101615949
1.5493784675938e-06,0.000887603683242657
1.54937946809405e-06,0.00094474059131327
1.5493804685943e-06,0.00100085515991786
1.54938146909455e-06,0.00105561793122012
1.5493824695948e-06,0.0011087066174737
1.54938347009505e-06,0.00115980802367695
1.5493844705953e-06,0.00120861992007668
1.54938547109555e-06,0.00125485285328446
1.5493864715958e-06,0.00129823188559498
1.54938747209605e-06,0.00133849825218605
1.5493884725963e-06,0.00137541092675642
1.54938947309655e-06,0.00140874808635549
1.5493904735968e-06,0.00143830846678938
1.54939147409705e-06,0.00146391260083159
1.5493924745973e-06,0.00148540393185651
1.54939347509755e-06,0.00150264979630604
1.5493944755978e-06,0.00151554226916909
1.54939547609805e-06,0.00152399886737463
1.5493964765983e-06,0.00152796310673684
1.54939747709855e-06,0.00152740490892376
1.5493984775988e-06,0.00152232085576442
1.54939947809905e-06,0.00151273428898421
1.5494004785993e-06,0.00149869525435172
1.54940147909955e-06,0.00148028029003071
1.5494024795998e-06,0.00145759205981902
1.54940348010005e-06,0.0014307588327943
1.5494044806003e-06,0.00139993381173907
1.54940548110055e-06,0.00136529431361928
1.5494064816008e-06,0.00132704080605843
1.54940748210105e-06,0.00128539580489457
1.5494084826013e-06,0.00124060263831825
1.54940948310155e-06,0.00119292408420567
1.5494104836018e-06,0.00114264088782994
1.54941148410205e-06,0.00109005016800771
1.5494124846023e-06,0.00103546372015372
1.54941348510255e-06,0.000979206225881912
1.5494144856028e-06,0.000921613378768813
1.54941548610305e-06,0.000863029937074503
1.5494164866033e-06,0.000803807714145484
1.54941748710355e-06,0.000744303518346916
1.5494184876038e-06,0.000684877054054442
1.54941948810405e-06,0.000625888796133703
1.5494204886043e-06,0.00056769785039106
1.54942148910455e-06,0.00051065981244576
1.5494224896048e-06,0.000455124638257744
1.54942349010505e-06,0.000401434538578227
1.5494244906053e-06,0.000349921910680985
1.54942549110555e-06,0.000300907319708574
1.5494264916058e-06,0.000254697542152252
1.54942749210605e-06,0.000211583683880345
1.5494284926063e-06,0.000171839384322222
1.54942949310655e-06,0.000135719118225541
1.5494304936068e-06,0.000103456606026848
1.54943149410705e-06,7.52633428413857e-05
1.5494324946073e-06,5.13272558784353e-05
1.54943349510755e-06,3.18114988772349e-05
1.5494344956078e-06,1.68533917887922e-05
1.54943549610805e-06,6.56351272893269e-06
1.5494364966083e-06,1.02494836278973e-06
1.54943749710855e-06,2.92708057269301e-07
1.5494384976088e-06,4.39330590601682e-06
1.54943949810905e-06,1.33245138084429e-05
1.5494404986093e-06,2.70552876771994e-05
1.54944149910955e-06,4.55258677079995e-05
1.5494424996098e-06,6.86480525853346e-05
1.54944350011005e-06,9.63056463840901e-05
1.54944450061031e-06,0.000128355075794038
1.54944550111056e-06,0.000164626174209844
1.54944650161081e-06,0.000204923128210355
1.54944750211106e-06,0.000249025580918223
1.54944850261131e-06,0.000296689885625078
1.54944950311156e-06,0.000347650502290023
1.54945050361181e-06,0.000401621528555735
1.54945150411206e-06,0.000458298356054752
1.54945250461231e-06,0.000517359441949977
1.54945350511256e-06,0.000578468185310076
1.54945450561281e-06,0.000641274896783052
1.54945550611306e-06,0.000705418849802731
1.54945650661331e-06,0.000770530401071573
1.54945750711356e-06,0.000836233167647451
1.54945850761381e-06,0.000902146247506984
1.54945950811406e-06,0.000967886470406609
1.54946050861431e-06,0.00103307066591725
1.54946150911456e-06,0.00109731793474389
1.54946250961481e-06,0.00116025191032502
1.54946351011506e-06,0.00122150299721632
1.54946451061531e-06,0.00128071057323464
1.54946551111556e-06,0.0013375251423448
1.54946651161581e-06,0.00139161042578518
1.54946751211606e-06,0.00144264537946303
1.54946851261631e-06,0.00149032612544033
1.54946951311656e-06,0.00153436778675591
1.54947051361681e-06,0.00157450621469826
1.54947151411706e-06,0.00161049959854096
1.54947251461731e-06,0.00164212994833606
1.54947351511756e-06,0.00166920444224602
1.54947451561781e-06,0.00169155663041336
1.54947551611806e-06,0.00170904748825518
1.54947651661831e-06,0.00172156631293719
1.54947751711856e-06,0.00172903145761432
1.54947851761881e-06,0.00173139089881292
1.54947951811906e-06,0.00172862263334024
1.54948051861931e-06,0.00172073490199016
1.54948151911956e-06,0.00170776623821758
1.54948251961981e-06,0.00168978534091155
1.54948352012006e-06,0.00166689077141211
1.54948452062031e-06,0.00163921047572688
1.54948552112056e-06,0.00160690113404096
1.54948652162081e-06,0.00157014734046524
1.54948752212106e-06,0.00152916061682456
1.54948852262131e-06,0.00148417826554501
1.54948952312156e-06,0.00143546206712919
1.54949052362181e-06,0.00138329682920596
1.54949152412206e-06,0.00132798879437067
1.54949252462231e-06,0.00126986391549577
1.54949352512256e-06,0.00120926600763115
1.54949452562281e-06,0.00114655478633283
1.54949552612306e-06,0.00108210380351633
1.54949652662331e-06,0.00101629829180252
1.54949752712356e-06,0.00094953292987978
1.54949852762381e-06,0.000882209541132947
1.54949952812406e-06,0.00081473473881754
1.54950052862431e-06,0.000747517531618414
1.54950152912456e-06,0.000680966902995925
1.54950252962481e-06,0.000615489379126176
1.54950353012506e-06,0.000551486599647975
1.54950453062531e-06,0.00048935290566328
1.54950553112556e-06,0.000429472959986469
1.54950653162581e-06,0.000372219413812965
1.54950753212606e-06,0.000317950634467608
1.54950853262631e-06,0.000267008508290394
1.54950953312656e-06,0.000219716332558059
1.54951053362681e-06,0.000176376809697826
1.54951153412706e-06,0.000137270156773007
1.54951253462731e-06,0.000102652342398977
1.54951353512756e-06,7.27534626062353e-05
1.54951453562781e-06,4.77762663952655e-05
1.54951553612806e-06,2.78948407342432e-05
1.54951653662831e-06,1.32534639467124e-05
1.54951753712856e-06,3.96563530662244e-06
1.54951853762881e-06,1.13287564083452e-07
1.54951953812906e-06,1.74618805616164e-06
1.54952053862931e-06,8.8815328000797e-06
1.54952153912956e-06,2.15037367735471e-05
1.54952253962981e-06,3.95644223103824e-05
1.54952354013007e-06,6.29826063193579e-05
1.54952454063032e-06,9.16450856346376e-05
1.54952554113057e-06,0.00012540701876353
1.54952654163082e-06,0.000164092700742037
1.54952754213107e-06,0.00020749652670646
1.54952854263132e-06,0.000255384138780521
1.54952954313157e-06,0.000307493749254834
1.54953054363182e-06,0.000363537632312624
1.54953154413207e-06,0.000423203775246833
1.54953254463232e-06,0.000486157679553607
1.54953354513257e-06,0.000552044300390452
1.54953454563282e-06,0.000620490113387877
1.54953554613307e-06,0.00069110529577547
1.54953654663332e-06,0.000763486009115069
1.54953754713357e-06,0.000837216769355625
1.54953854763382e-06,0.000911872890561483
1.54953954813407e-06,0.000987022987244378
1.54954054863432e-06,0.0010622315204642
1.54954154913457e-06,0.0011370613725976
1.54954254963482e-06,0.00121107643551946
1.54954355013507e-06,0.00128384419673814
1.54954455063532e-06,0.00135493830840571
1.54954555113557e-06,0.00142394112421467
1.54954655163582e-06,0.00149044618902386
1.54954755213607e-06,0.00155406066706054
1.54954855263632e-06,0.0016144076944045
1.54954955313657e-06,0.00167112864223414
1.54955055363682e-06,0.00172388527760064
1.54955155413707e-06,0.00177236180939472
1.54955255463732e-06,0.00181626680767852
1.54955355513757e-06,0.00185533498519371
1.54955455563782e-06,0.00188932883085438
1.54955555613807e-06,0.00191804008570802
1.54955655663832e-06,0.00194129105270844
1.54955755713857e-06,0.00195893573257113
1.54955855763882e-06,0.00197086077901563
1.54955955813907e-06,0.00197698626751
1.54956055863932e-06,0.00197726627266731
1.54956155913957e-06,0.00197168925057974
1.54956255963982e-06,0.00196027822324426
1.54956356014007e-06,0.00194309076340038
1.54956456064032e-06,0.00192021877908931
1.54956556114057e-06,0.00189178809841505
1.54956656164082e-06,0.00185795785593418
1.54956756214107e-06,0.0018189196831981
1.54956856264132e-06,0.00177489670733181
1.54956956314157e-06,0.00172614236199184
1.54957056364182e-06,0.0016729390167514
1.54957156414207e-06,0.00161559643162564
1.54957256464232e-06,0.00155445004459708
1.54957356514257e-06,0.00148985910079054
1.54957456564282e-06,0.00142220463332788
1.54957556614307e-06,0.00135188730647827
1.54957656664332e-06,0.00127932513242342
1.54957756714357e-06,0.00120495107463321
1.54957856764382e-06,0.00112921055047393
1.54957956814407e-06,0.00105255884734487
1.54958056864432e-06,0.000975458466716023
1.54958156914457e-06,0.000898376411413805
1.54958256964482e-06,0.00082178143173056
1.54958357014507e-06,0.000746141246365069
1.54958457064532e-06,0.000671919754667381
1.54958557114557e-06,0.000599574257030552
1.54958657164582e-06,0.000529552699772346
1.54958757214607e-06,0.000462290961749211
1.54958857264632e-06,0.000398210199221173
1.54958957314657e-06,0.000337714265462165
1.54959057364682e-06,0.000281187221428343
1.54959157414707e-06,0.000228990953346212
1.54959257464732e-06,0.000181462912527326
1.54959357514757e-06,0.000138913991761729
1.54959457564782e-06,0.000101626552742367
1.54959557614807e-06,6.98526170892528e-05
1.54959657664832e-06,4.38122333491162e-05
1.54959757714857e-06,2.36920309479994e-05
1.54959857764882e-06,9.6439710332906e-06
1.54959957814907e-06,1.78430293420093e-06
1.54960057864932e-06,1.92733628307061e-07
1.54960157914957e-06,4.91181634015769e-06
1.54960257964982e-06,1.5946562915261e-05
1.54960358015007e-06,3.32642832475044e-05
1.54960458065033e-06,5.67946534811055e-05
1.54960558115058e-06,8.64300133051639e-05
1.54960658165083e-06,0.000122025891149769
1.54960758215108e-06,0.000163401754551141
1.54960858265133e-06,0.000210341981625378
1.54960958315158e-06,0.000262597047847922
1.54961058365183e-06,0.000319884921454242
1.54961158415208e-06,0.000381892658991381
1.54961258465233e-06,0.000448278191226281
1.54961358515258e-06,0.000518672289113759
1.54961458565283e-06,0.000592680697306554
1.54961558615308e-06,0.000669886422717089
1.54961658665333e-06,0.000749852163982419
1.54961758715358e-06,0.000832122867085613
1.54961858765383e-06,0.000916228391850756
1.54961958815408e-06,0.00100168627289055
1.54962058865433e-06,0.00108800455880015
1.54962158915458e-06,0.00117468471203282
1.54962258965483e-06,0.00126122455266177
1.54962359015508e-06,0.00134712122807891
1.54962459065533e-06,0.00143187419139298
1.54962559115558e-06,0.00151498817063245
1.54962659165583e-06,0.00159597611165571
1.54962759215608e-06,0.00167436207722817
1.54962859265633e-06,0.00174968408583083
1.54962959315658e-06,0.00182149687315631
1.54963059365683e-06,0.00188937456101145
1.54963159415708e-06,0.00195291321777028
1.54963259465733e-06,0.00201173329591056
1.54963359515758e-06,0.002065481932479
1.54963459565783e-06,0.00211383509959328
1.54963559615808e-06,0.00215649959235632
1.54963659665833e-06,0.00219321484285772
1.54963759715858e-06,0.00222375454986328
1.54963859765883e-06,0.00224792811461056
1.54963959815908e-06,0.00226558187427062
1.54964059865933e-06,0.00227660012581991
1.54964159915958e-06,0.00228090593391546
1.54964259965983e-06,0.00227846171770376
1.54964360016008e-06,0.00226926961258826
1.54964460066033e-06,0.00225337160410809
1.54964560116058e-06,0.00223084943231383
1.54964660166083e-06,0.00220182426627458
1.54964760216108e-06,0.00216645614939753
1.54964860266133e-06,0.00212494321769954
1.54964960316158e-06,0.00207752069411622
1.54965060366183e-06,0.00202445966350436
1.54965160416208e-06,0.00196606563365689
1.54965260466233e-06,0.00190267688956561
1.54965360516258e-06,0.00183466264876802
1.54965460566283e-06,0.00176242102688595
1.54965560616308e-06,0.00168637682388864
1.54965660666333e-06,0.00160697914244353
1.54965760716358e-06,0.00152469885091348
1.54965860766383e-06,0.00144002590417395
1.54965960816408e-06,0.00135346653740021
1.54966060866433e-06,0.0012655403475438
1.54966160916458e-06,0.00117677727904252
1.54966260966483e-06,0.00108771453068634
1.54966361016508e-06,0.000998893401422301
1.54966461066533e-06,0.000910856093029253
1.54966561116558e-06,0.000824142488577698
1.54966661166583e-06,0.000739286925860611
1.54966761216608e-06,0.000656814984969156
1.54966861266633e-06,0.000577240309656249
1.54966961316658e-06,0.000501061481895405
1.54967061366683e-06,0.000428758969362549
1.54967161416708e-06,0.00036079216467897
1.54967261466733e-06,0.000297596535465379
1.54967361516758e-06,0.000239580903598693
1.54967461566783e-06,0.000187124871223128
1.54967561616808e-06,0.000140576410540224
1.54967661666833e-06,0.000100249633389004
1.54967761716858e-06,6.64227556939853e-05
1.54967861766883e-06,3.93362704631141e-05
1.54967961816908e-06,1.91913422654808e-05
1.54968061866933e-06,6.14843412895607e-06
1.54968161916958e-06,3.26176847331963e-07
1.54968261966983e-06,1.80048889152399e-06
1.54968362017009e-06,1.06039536035452e-05
1.54968462067034e-06,2.67254586301029e-05
1.54968562117059e-06,5.01101008937095e-05
1.54968662167084e-06,8.06593586181846e-05
1.54968762217109e-06,0.000118231530180083
1.54968862267134e-06,0.000162642437794519
1.54968962317159e-06,0.000213666392296563
1.54969062367184e-06,0.000271037413559798
1.54969162417209e-06,0.000334450699417156
1.54969262467234e-06,0.000403564334344927
1.54969362517259e-06,0.000478001227516903
1.54969462567284e-06,0.000557351268592373
1.54969562617309e-06,0.000641173688036817
1.54969662667334e-06,0.000728999607321766
1.54969762717359e-06,0.000820334763765826
1.54969862767384e-06,0.000914662393072122
1.54969962817409e-06,0.00101144625211091
1.54970062867434e-06,0.00111013376342142
1.54970162917459e-06,0.00121015926258116
1.54970262967484e-06,0.00131094732875797
1.54970363017509e-06,0.00141191617821214
1.54970463067534e-06,0.00151248110078276
1.54970563117559e-06,0.00161205791895825
1.54970663167584e-06,0.00171006644861963
1.54970763217609e-06,0.00180593394172124
1.54970863267634e-06,0.00189909849025865
1.54970963317659e-06,0.0019890123722503
1.54971063367684e-06,0.0020751453197872
1.54971163417709e-06,0.00215698769093322
1.54971263467734e-06,0.00223405352682249
1.54971363517759e-06,0.00230588347695044
1.54971463567784e-06,0.00237204757551885
1.54971563617809e-06,0.00243214785344671
1.54971663667834e-06,0.00248582077116094
1.54971763717859e-06,0.00253273945808194
1.54971863767884e-06,0.00257261574634135
1.54971963817909e-06,0.00260520198695512
1.54972063867934e-06,0.00263029263792015
1.54972163917959e-06,0.00264772561494901
1.54972263967984e-06,0.00265738339681824
1.54972364018009e-06,0.00265919387844105
1.54972464068034e-06,0.00265313096617525
1.54972564118059e-06,0.00263921491116406
1.54972664168084e-06,0.00261751237780562
1.54972764218109e-06,0.00258813624583187
1.54972864268134e-06,0.00255124514587495
1.54972964318159e-06,0.00250704272967381
1.54973064368184e-06,0.00245577667757146
1.54973164418209e-06,0.00239773744730662
1.54973264468234e-06,0.00233325676952918
1.54973364518259e-06,0.00226270589657291
1.54973464568284e-06,0.00218649361295432
1.54973564618309e-06,0.00210506401703673
1.54973664668334e-06,0.00201889408444471
1.54973764718359e-06,0.00192849102571363
1.54973864768384e-06,0.00183438945154333
1.54973964818409e-06,0.00173714836027836
1.54974064868434e-06,0.00163734796348388
1.54974164918459e-06,0.00153558636670016
1.54974264968484e-06,0.00143247612361299
1.54974365018509e-06,0.00132864068223647
1.54974465068534e-06,0.00122471074351173
1.54974565118559e-06,0.00112132055310314
1.54974665168584e-06,0.00101910414740241
1.54974765218609e-06,0.000918691576270388
1.54974865268634e-06,0.000820705124844884
1.54974965318659e-06,0.00072575555730632
1.54975065368684e-06,0.000634438405218968
1.54975165418709e-06,0.000547330324301119
1.54975265468734e-06,0.000464985541618497
1.54975365518759e-06,0.000387932416559902
1.54975465568784e-06,0.000316670137294456
1.54975565618809e-06,0.000251665574720183
1.54975665668834e-06,0.000193350314240219
1.54975765718859e-06,0.000142117885700667
1.54975865768884e-06,9.83212099192035e-05
1.54975965818909e-06,6.22702796374443e-05
1.54976065868934e-06,3.42300907329014e-05
1.54976165918959e-06,1.44188385901911e-05
1.54976265968984e-06,3.00639241377911e-06
1.5497636601901e-06,1.13058741633924e-07
1.54976466069035e-06,5.80864347034341e-06
1.5497656611906e-06,2.01118197816973e-05
1.54976666169085e-06,4.29898072764003e-05
1.5497676621911e-06,7.43583656599486e-05
1.54976866269135e-06,0.000114082104146441
1.5497696631916e-06,0.000161975105495243
1.54977066369185e-06,0.000217801861987634
1.5497716641921e-06,0.000281278517725425
1.54977266469235e-06,0.000352074410457733
1.5497736651926e-06,0.000429813903635239
1.54977466569285e-06,0.000514078497391781
1.5497756661931e-06,0.000604409205996815
1.54977666669335e-06,0.000700309186560743
1.5497776671936e-06,0.000801246603386884
1.54977866769385e-06,0.000906657709749597
1.5497796681941e-06,0.00101595012825647
1.54978066869435e-06,0.00112850630986728
1.5497816691946e-06,0.00124368714967367
1.54978266969485e-06,0.0013608357381456
1.5497836701951e-06,0.0014792812241519
1.54978467069535e-06,0.00159834276726452
1.5497856711956e-06,0.00171733355470411
1.54978667169585e-06,0.00183556485963414
1.5497876721961e-06,0.00195235011643289
1.54978867269635e-06,0.00206700898866737
1.5497896731966e-06,0.0021788714065055
1.54979067369685e-06,0.00228728154967167
1.5497916741971e-06,0.00239160175312618
1.54979267469735e-06,0.00249121631306288
1.5497936751976e-06,0.00258553517138481
1.54979467569785e-06,0.00267399745814426
1.5497956761981e-06,0.00275607487138282
1.54979667669835e-06,0.00283127487581106
1.5497976771986e-06,0.00289914370240677
1.54979867769885e-06,0.0029592691315988
1.5497996781991e-06,0.00301128304498163
1.54980067869935e-06,0.00305486373093395
1.5498016791996e-06,0.0030897379310355
1.54980267969985e-06,0.0031156826156128
1.5498036802001e-06,0.00313252647800656
1.54980468070035e-06,0.00314015113870949
1.5498056812006e-06,0.00313849205174632
1.54980668170085e-06,0.00312753910741083
1.5498076822011e-06,0.00310733692675593
1.54980868270135e-06,0.00307798484487306
1.5498096832016e-06,0.003039636581533
1.54981068370185e-06,0.00299249959928166
1.5498116842021e-06,0.00293683415066408
1.54981268470235e-06,0.00287295201779131
1.5498136852026e-06,0.00280121494949571
1.54981468570285e-06,0.00272203280179544
1.5498156862031e-06,0.00263586139066467
1.54981668670335e-06,0.00254320006602837
1.5498176872036e-06,0.00244458901887667
1.54981868770385e-06,0.00234060633367172
1.5498196882041e-06,0.00223186480107265
1.54982068870435e-06,0.00211900850675251
1.5498216892046e-06,0.00200270921316641
1.54982268970485e-06,0.00188366255399415
1.5498236902051e-06,0.00176258406058176
1.54982469070535e-06,0.00164020504263281
1.5498256912056e-06,0.00151726834489345
1.54982669170585e-06,0.00139452400462704
1.5498276922061e-06,0.00127272483393373
1.54982869270635e-06,0.0011526219525359
1.5498296932066e-06,0.00103496029808442
1.54983069370685e-06,0.00092047413990271
1.5498316942071e-06,0.00080988262424177
1.54983269470735e-06,0.000703885378422724
1.5498336952076e-06,0.000603158201230405
1.54983469570785e-06,0.000508348867585262
1.5498356962081e-06,0.000420073073853518
1.54983669670835e-06,0.000338910551393624
1.5498376972086e-06,0.000265401373275222
1.54983869770885e-06,0.00020004247970815
1.5498396982091e-06,0.000143284445766559
1.54984069870935e-06,9.55285137739245e-05
1.5498416992096e-06,5.71239113274407e-05
1.54984269970985e-06,2.83654740056116e-05
1.54984370021011e-06,9.49159025945588e-06
1.54984470071036e-06,6.82483409073524e-07
1.54984570121061e-06,2.0588439568836e-06
1.54984670171086e-06,1.36808229102104e-05
1.54984770221111e-06,3.5547394332011e-05
1.54984870271136e-06,6.75960930019128e-05
1.54984970321161e-06,0.000109703130418155
1.54985070371186e-06,0.000161683889718091
1.54985170421211e-06,0.000223293797691796
1.54985270471236e-06,0.000294229569430886
1.54985370521261e-06,0.000374130818217182
1.54985470571286e-06,0.000462582021504764
1.54985570621311e-06,0.000559114830872576
1.54985670671336e-06,0.000663210711586579
1.54985770721361e-06,0.0007743038955354
1.54985870771386e-06,0.000891784628987094
1.54985970821411e-06,0.0010150026948224
1.54986070871436e-06,0.00114327118738599
1.54986170921461e-06,0.00127587051590495
1.54986270971486e-06,0.00141205261229675
1.54986371021511e-06,0.00155104531678847
1.54986471071536e-06,0.00169205691411552
1.54986571121561e-06,0.00183428079375253
1.54986671171586e-06,0.0019769002042136
1.54986771221611e-06,0.0021190930743839
1.54986871271636e-06,0.00226003687179786
1.54986971321661e-06,0.00239891347020057
1.54987071371686e-06,0.00253491399696821
1.54987171421711e-06,0.00266724363254701
1.54987271471736e-06,0.00279512633452394
1.54987371521761e-06,0.00291780945869873
1.54987471571786e-06,0.00303456825147542
1.54987571621811e-06,0.00314471018792456
1.54987671671836e-06,0.00324757913171847
1.54987771721861e-06,0.0033425592932518
1.54987871771886e-06,0.00342907896447372
1.54987971821911e-06,0.00350661400965178
1.54988071871936e-06,0.00357469109287036
1.54988171921961e-06,0.00363289062436428
1.54988271971986e-06,0.00368084940951006
1.54988372022011e-06,0.00371826298553292
1.54988472072036e-06,0.00374488763265327
1.54988572122061e-06,0.00376054204810331
1.54988672172086e-06,0.00376510867299493
1.54988772222111e-06,0.00375853466361307
1.54988872272136e-06,0.00374083250051999
1.54988972322161e-06,0.0037120802305033
1.54989072372186e-06,0.00367242133816945
1.54989172422211e-06,0.00362206424572485
1.54989272472236e-06,0.00356128144135894
1.54989372522261e-06,0.00349040823829616
1.54989472572286e-06,0.00340984116848851
1.54989572622311e-06,0.00332003601713594
1.54989672672336e-06,0.00322150550511663
1.54989772722361e-06,0.0031148166295124
1.54989872772386e-06,0.00300058767364467
1.54989972822411e-06,0.002879484899306
1.54990072872436e-06,0.00275221893757228
1.54990172922461e-06,0.00261954089441525
1.54990272972486e-06,0.00248223819035556
1.54990373022511e-06,0.00234113015503191
1.54990473072536e-06,0.00219706339904772
1.54990573122561e-06,0.00205090698750405
1.54990673172586e-06,0.001903547440683
1.54990773222611e-06,0.00175588358954923
1.54990873272636e-06,0.00160882131454763
1.54990973322661e-06,0.00146326819810532
1.54991073372686e-06,0.00132012812104457
1.54991173422711e-06,0.00118029583595491
1.54991273472736e-06,0.00104465154998572
1.54991373522761e-06,0.000914055549824724
1.54991473572786e-06,0.000789342903496352
1.54991573622811e-06,0.000671318272439201
1.54991673672836e-06,0.00056075086700165
1.54991773722861e-06,0.000458369579668184
1.54991873772886e-06,0.000364858327731691
1.54991973822911e-06,0.000280851637892685
1.54992073872936e-06,0.000206930502604502
1.54992173922961e-06,0.000143618537985627
1.54992273972986e-06,9.13784704054798e-05
1.54992374023012e-06,5.0608977068107e-05
1.54992474073037e-06,2.16419042137946e-05
1.54992574123062e-06,4.73988364992985e-06
1.54992674173087e-06,9.43659833949703e-08
1.54992774223112e-06,7.82408596955912e-06
1.54992874273137e-06,2.79739726872415e-05
1.54992974323162e-06,6.05145139677326e-05
1.54993074373187e-06,0.000105341581439786
1.54993174423212e-06,0.000162276719451163
1.54993274473237e-06,0.000231067897446855
1.54993374523262e-06,0.000311390722800017
1.54993474573287e-06,0.000402850107091703
1.54993574623312e-06,0.000504982376386186
1.54993674673337e-06,0.000617257812143177
1.54993774723362e-06,0.000739083607647387
1.54993874773387e-06,0.000869807220467762
1.54993974823412e-06,0.00100872010004795
1.54994074873437e-06,0.00115506176705486
1.54994174923462e-06,0.00130802421753605
1.54994274973487e-06,0.0014667566249426
1.54994375023512e-06,0.00163037030907216
1.54994475073537e-06,0.00179794394222965
1.54994575123562e-06,0.00196852895834056
1.54994675173587e-06,0.00214115513260473
1.54994775223612e-06,0.00231483629714031
1.54994875273637e-06,0.00248857615747467
1.54994975323662e-06,0.00266137417524303
1.54995075373687e-06,0.00283223148177391
1.54995175423712e-06,0.00300015678793966
1.54995275473737e-06,0.00316417225544089
1.54995375523762e-06,0.00332331929586131
1.54995475573787e-06,0.00347666426478464
1.54995575623812e-06,0.0036233040183362
1.54995675673837e-06,0.00376237130115574
1.54995775723862e-06,0.00389303993669501
1.54995875773887e-06,0.00401452979054111
1.54995975823912e-06,0.00412611148037487
1.54996075873937e-06,0.00422711080670049
1.54996175923962e-06,0.00431691288105732
1.54996275973987e-06,0.00439496592860306
1.54996376024012e-06,0.00446078474545969
1.54996476074037e-06,0.00451395379161587
1.54996576124062e-06,0.00455412990244489
1.54996676174087e-06,0.00458104460386803
1.54996776224112e-06,0.00459450601775469
1.54996876274137e-06,0.00459440034626765
1.54996976324162e-06,0.00458069292551904
1.54997076374187e-06,0.00455342884110166
1.54997176424212e-06,0.00451273309978121
1.54997276474237e-06,0.00445881035378732
1.54997376524262e-06,0.00439194417616145
1.54997476574287e-06,0.00431249588731936
1.54997576624312e-06,0.00422090293587974
1.54997676674337e-06,0.00411767683788905
1.54997776724362e-06,0.00400340068173764
1.54997876774387e-06,0.00387872620731573
1.54997976824412e-06,0.0037443704711578
1.54998076874437e-06,0.0036011121109022
1.54998176924462e-06,0.00344978722474608
1.54998276974487e-06,0.00329128488411748
1.54998377024512e-06,0.00312654230012004
1.54998477074537e-06,0.00295653966663308
1.54998577124562e-06,0.00278229470398851
1.54998677174587e-06,0.00260485693218513
1.54998777224612e-06,0.00242530170168841
1.54998877274637e-06,0.00224472401354705
1.54998977324662e-06,0.00206423216278788
1.54999077374687e-06,0.00188494124033471
1.54999177424712e-06,0.00170796652937778
1.54999277474737e-06,0.00153441683665298
1.54999377524762e-06,0.00136538779669363
1.54999477574787e-06,0.00120195519113794
1.54999577624812e-06,0.00104516832411033
1.54999677674837e-06,0.000896043496374068
1.54999777724862e-06,0.000755557620760122
1.54999877774887e-06,0.000624642020790994
1.54999977824912e-06,0.000504176455184559
1.55000077874937e-06,0.000394983409026888
1.55000177924962e-06,0.000297822691779452
1.55000277974987e-06,0.000213386380591611
1.55000378025013e-06,0.000142294146143049
1.55000478075038e-06,8.50889951098964e-05
1.55000578125063e-06,4.22334614484772e-05
1.55000678175088e-06,1.41062759610427e-05
1.55000778225113e-06,9.9953990700832e-07
1.55000878275138e-06,3.1164254886896e-06
1.55000978325163e-06,2.05694222932436e-05
1.55001078375188e-06,5.33791448035597e-05
1.55001178425213e-06,0.000101473712137402
1.55001278475238e-06,0.000164688707242163
1.55001378525263e-06,0.000242767718226332
1.55001478575288e-06,0.000335363460343871
1.55001578625313e-06,0.000442039473431127
1.55001678675338e-06,0.000562272384515407
1.55001778725363e-06,0.000695454721766615
1.55001878775388e-06,0.000840898262416905
1.55001978825413e-06,0.000997837892592849
1.55002078875438e-06,0.00116543595401104
1.55002178925463e-06,0.00134278704950462
1.55002278975488e-06,0.00152892327539089
1.55002379025513e-06,0.00172281984725164
1.55002479075538e-06,0.0019234010816445
1.55002579125563e-06,0.0021295466965515
1.55002679175588e-06,0.00234009838894461
1.55002779225613e-06,0.00255386664822449
1.55002879275638e-06,0.00276963776359401
1.55002979325663e-06,0.0029861809807662
1.55003079375688e-06,0.00320225576534081
1.55003179425713e-06,0.00341661912817644
1.55003279475738e-06,0.00362803297004584
1.55003379525763e-06,0.00383527140171346
1.55003479575788e-06,0.00403712799805359
1.55003579625813e-06,0.00423242294389633
1.55003679675838e-06,0.00442001003280296
1.55003779725863e-06,0.00459878347914307
1.55003879775888e-06,0.00476768450642658
1.55003979825913e-06,0.00492570767722639
1.55004079875938e-06,0.0050719069301969
1.55004179925963e-06,0.00520540129250244
1.55004279975988e-06,0.00532538023846561
1.55004380026013e-06,0.00543110866568247
1.55004480076038e-06,0.00552193146350665
1.55004580126063e-06,0.00559727764952704
1.55004680176088e-06,0.0056566640529821
1.55004780226113e-06,0.00569969852502185
1.55004880276138e-06,0.0057260826584419
1.55004980326163e-06,0.00573561400185269
1.55005080376188e-06,0.00572818775457109
1.55005180426213e-06,0.00570379793148037
1.55005280476238e-06,0.00566253798890333
1.55005380526263e-06,0.00560460090462187
1.55005480576288e-06,0.00553027870778226
1.55005580626313e-06,0.00543996145647321
1.55005680676338e-06,0.00533413566291536
1.55005780726363e-06,0.00521338216918266
1.55005880776388e-06,0.00507837347823391
1.55005980826413e-06,0.00492987054797567
1.55006080876438e-06,0.00476871905832237
1.55006180926463e-06,0.0045958451647028
1.55006280976488e-06,0.00441225075301157
1.55006381026513e-06,0.00421900821482644
1.55006481076538e-06,0.00401725476448318
1.55006581126563e-06,0.00380818632227102
1.55006681176588e-06,0.00359305099055279
1.55006781226613e-06,0.00337314215407151
1.55006881276638e-06,0.00314979123695191
1.55006981326663e-06,0.00292436015323581
1.55007081376688e-06,0.00269823348916824
1.55007181426713e-06,0.00247281046008911
1.55007281476738e-06,0.00224949668587521
1.55007381526763e-06,0.00202969583128719
1.55007481576788e-06,0.00181480116130493
1.55007581626813e-06,0.00160618706155966
1.55007681676838e-06,0.00140520057709719
1.55007781726863e-06,0.0012131530225111
1.55007881776888e-06,0.00103131171948849
1.55007981826913e-06,0.00086089191582513
1.55008081876938e-06,0.00070304894207843
1.55008181926963e-06,0.000558870660232102
1.55008281976989e-06,0.000429370259212017
1.55008382027014e-06,0.000315479448588585
1.55008482077039e-06,0.000218042102453648
1.55008582127064e-06,0.000137808400976532
1.55008682177089e-06,7.54295153718425e-05
1.55008782227114e-06,3.14528780278782e-05
1.55008882277139e-06,6.31807616836346e-06
1.55008982327164e-06,3.53402846847116e-07
1.55009082377189e-06,1.37730944711524e-05
1.55009182427214e-06,4.66752792700356e-05
1.55009282477239e-06,9.90406555991496e-05
1.55009382527264e-06,0.000170731913665808
1.55009482577289e-06,0.00026149390874011
1.55009582627314e-06,0.00037095458786235
1.55009682677339e-06,0.000498626666358204
1.55009782727364e-06,0.000643910045475484
1.55009882777389e-06,0.000806094955538084
1.55009982827414e-06,0.000984365804578136
1.55010082877439e-06,0.0011778057071105
1.55010182927464e-06,0.00138540166228741
1.55010282977489e-06,0.00160605034628807
1.55010383027514e-06,0.00183856448018853
1.55010483077539e-06,0.00208167972942244
1.55010583127564e-06,0.00233406208963258
1.55010683177589e-06,0.00259431570777969
1.55010783227614e-06,0.00286099108926704
1.55010883277639e-06,0.00313259363502766
1.55010983327664e-06,0.00340759245555463
1.55011083377689e-06,0.00368442940455712
1.55011183427714e-06,0.00396152827694482
1.55011283477739e-06,0.00423730411364454
1.55011383527764e-06,0.00451017255825058
1.55011483577789e-06,0.00477855920907031
1.55011583627814e-06,0.00504090891386923
1.55011683677839e-06,0.00529569495204938
1.55011783727864e-06,0.00554142805672613
1.55011883777889e-06,0.00577666522364112
1.55011983827914e-06,0.00600001826244981
1.55012083877939e-06,0.00621016204434023
1.55012183927964e-06,0.00640584240382854
1.55012283977989e-06,0.00658588365436255
1.55012384028014e-06,0.00674919567984653
1.55012484078039e-06,0.00689478056801873
1.55012584128064e-06,0.00702173875157209
1.55012684178089e-06,0.00712927462803236
1.55012784228114e-06,0.00721670163022933
1.55012884278139e-06,0.00728344672232885
1.55012984328164e-06,0.00732905429847885
1.55013084378189e-06,0.00735318946365332
1.55013184428214e-06,0.00735564067883416
1.55013284478239e-06,0.00733632175447899
1.55013384528264e-06,0.00729527317909791
1.55013484578289e-06,0.00723266277170923
1.55013584628314e-06,0.00714878564965563
1.55013684678339e-06,0.00704406350539932
1.55013784728364e-06,0.00691904318879492
1.55013884778389e-06,0.00677439459315669
1.55013984828414e-06,0.00661090784745752
1.55014084878439e-06,0.00642948981874173
1.55014184928464e-06,0.00623115993155794
1.55014284978489e-06,0.00601704531644572
1.55014385028514e-06,0.00578837529962437
1.55014485078539e-06,0.00554647525261976
1.55014585128564e-06,0.00529275982209418
1.55014685178589e-06,0.00502872556456799
1.55014785228614e-06,0.00475594301569979
1.55014885278639e-06,0.00447604822532799
1.55014985328664e-06,0.00419073379675306
1.55015085378689e-06,0.00390173947041661
1.55015185428714e-06,0.00361084229723838
1.55015285478739e-06,0.00331984645214066
1.55015385528764e-06,0.00303057273948197
1.55015485578789e-06,0.00274484785005119
1.55015585628814e-06,0.00246449342870119
1.55015685678839e-06,0.00219131501860869
1.55015785728864e-06,0.00192709095023047
1.55015885778889e-06,0.0016735612430586
1.55015985828914e-06,0.00143241659607758
1.55016085878939e-06,0.00120528753816952
1.55016185928964e-06,0.000993733816123004
1.55016285978989e-06,0.000799234094430768
1.55016386029015e-06,0.000623176043043847
1.5501648607904e-06,0.000466846887939549
1.55016586129065e-06,0.000331424496124407
1.5501668617909e-06,0.000217969066536692
1.55016786229115e-06,0.000127415492710156
1.5501688627914e-06,6.05664605573081e-05
1.55016986329165e-06,1.80863393217154e-05
1.5501708637919e-06,4.95918048730501e-07
1.55017186429215e-06,8.16803419560934e-06
1.5501728647924e-06,4.13241340143633e-05
1.55017386529265e-06,0.000100031797483168
1.5501748657929e-06,0.000184203252397903
1.55017586629315e-06,0.000293594895228911
1.5501768667934e-06,0.000427807826923943
1.55017786729365e-06,0.000586289404986405
1.5501788677939e-06,0.000768335803601691
1.55017986829415e-06,0.00097309556674534
1.5501808687944e-06,0.00119957412981196
1.55018186929465e-06,0.00144663927866641
1.5501828697949e-06,0.00171302750773425
1.55018387029515e-06,0.00199735123172458
1.5501848707954e-06,0.00229810679822927
1.55018587129565e-06,0.00261368324630589
1.5501868717959e-06,0.00294237174670662
1.55018787229615e-06,0.00328237565847525
1.5501888727964e-06,0.00363182113250424
1.55018987329665e-06,0.00398876818890464
1.5501908737969e-06,0.00435122219434627
1.55019187429715e-06,0.00471714566260469
1.5501928747974e-06,0.00508447030488321
1.55019387529765e-06,0.00545110924991941
1.5501948757979e-06,0.00581496936229591
1.55019587629815e-06,0.00617396358207785
1.5501968767984e-06,0.00652602321644444
1.55019787729865e-06,0.00686911011074221
1.5501988777989e-06,0.00720122863301129
1.55019987829915e-06,0.0075204374078105
1.5502008787994e-06,0.00782486073732128
1.55020187929965e-06,0.00811269965233265
1.5502028797999e-06,0.00838224253770067
1.55020388030015e-06,0.00863187528296921
1.5502048808004e-06,0.00886009090809316
1.55020588130065e-06,0.00906549862168866
1.5502068818009e-06,0.0092468322705156
1.55020788230115e-06,0.00940295814147246
1.5502088828014e-06,0.00953288208233462
1.55020988330165e-06,0.00963575590911641
1.5502108838019e-06,0.00971088307020899
1.55021188430215e-06,0.00975772354193443
1.5502128848024e-06,0.00977589793031869
1.55021388530265e-06,0.00976519075826539
1.5502148858029e-06,0.00972555291821063
1.55021588630315e-06,0.00965710327339563
1.5502168868034e-06,0.00956012939275367
1.55021788730365e-06,0.00943508740678953
1.5502188878039e-06,0.00928260097451552
1.55021988830415e-06,0.00910345935313337
1.5502208888044e-06,0.00889861456584305
1.55022188930465e-06,0.00866917766554819
1.5502228898049e-06,0.00841641409524698
1.55022389030515e-06,0.00814173814940477
1.5502248908054e-06,0.00784670654460735
1.55022589130565e-06,0.00753301111226768
1.5502268918059e-06,0.00720247062876328
1.55022789230615e-06,0.00685702180586794
1.5502288928064e-06,0.00649870946794854
1.55022989330665e-06,0.00612967594793663
1.5502308938069e-06,0.00575214974082002
1.55023189430715e-06,0.00536843345789206
1.5502328948074e-06,0.00498089113550975
1.55023389530765e-06,0.00459193495111375
1.5502348958079e-06,0.00420401141510905
1.55023589630815e-06,0.00381958710624309
1.5502368968084e-06,0.00344113402878189
1.55023789730865e-06,0.00307111467421647
1.5502388978089e-06,0.0027119668777368
1.55023989830915e-06,0.00236608856340988
1.5502408988094e-06,0.00203582247770957
1.55024189930965e-06,0.00172344101648224
1.55024289980991e-06,0.00143113125050512
1.55024390031016e-06,0.00116098026136652
1.55024490081041e-06,0.000914960896993018
1.55024590131066e-06,0.000694918059535198
1.55024690181091e-06,0.000502555634614586
1.55024790231116e-06,0.000339424170540015
1.55024890281141e-06,0.000206909412858438
1.55024990331166e-06,0.000106221792910225
1.55025090381191e-06,3.83869646009991e-05
1.55025190431216e-06,4.23747647751751e-06
1.55025290481241e-06,4.40565644211006e-06
1.55025390531266e-06,3.93177780234033e-05
1.55025490581291e-06,0.000109189566237238
1.55025590631316e-06,0.000214023089850893
1.55025690681341e-06,0.000353605074675516
1.55025790731366e-06,0.00052750666060793
1.55025890781391e-06,0.000735084611796608
1.55025990831416e-06,0.000975483975972208
1.55026090881441e-06,0.00124764217815639
1.55026190931466e-06,0.00155029451876622
1.55026290981491e-06,0.00188198103511835
1.55026391031516e-06,0.00224105467482008
1.55026491081541e-06,0.00262569071673501
1.55026591131566e-06,0.00303389736741284
1.55026691181591e-06,0.00346352744879253
1.55026791231616e-06,0.00391229109145964
1.55026891281641e-06,0.00437776933229187
1.55026991331666e-06,0.00485742851910239
1.55027091381691e-06,0.00534863541457047
1.55027191431716e-06,0.0058486728919518
1.55027291481741e-06,0.0063547561128712
1.55027391531766e-06,0.0068640490764253
1.55027491581791e-06,0.00737368143219407
1.55027591631816e-06,0.00788076544751589
1.55027691681841e-06,0.00838241302467711
1.55027791731866e-06,0.00887575266988493
1.55027891781891e-06,0.00935794631160889
1.55027991831916e-06,0.0098262058810061
1.55028091881941e-06,0.0102778095638951
1.55028191931966e-06,0.010710117645062
1.55028291981991e-06,0.0111205878664888
1.55028392032016e-06,0.0115067902295066
1.55028492082041e-06,0.0118664211775658
1.55028592132066e-06,0.0121973170969317
1.55028692182091e-06,0.0124974670827128
1.55028792232116e-06,0.0127650249192049
1.55028892282141e-06,0.0129983202298469
1.55028992332166e-06,0.0131958687544558
1.55029092382191e-06,0.0133563817158522
1.55029192432216e-06,0.0134787742413161
1.55029292482241e-06,0.0135621728062185
1.55029392532266e-06,0.013605921669596
1.55029492582291e-06,0.0136095882743555
1.55029592632316e-06,0.0135729675849276
1.55029692682341e-06,0.0134960853376578
1.55029792732366e-06,0.0133792001801855
1.55029892782391e-06,0.0132228046770709
1.55029992832416e-06,0.0130276251603367
1.55030092882441e-06,0.0127946204054475
1.55030192932466e-06,0.0125249791131812
1.55030292982491e-06,0.0122201161822448
1.55030393032516e-06,0.0118816677580211
1.55030493082541e-06,0.0115114850464444
1.55030593132566e-06,0.0111116268847627
1.55030693182591e-06,0.0106843510675292
1.55030793232616e-06,0.0102321044286886
1.55030893282641e-06,0.00975751168626414
1.55030993332666e-06,0.00926336306639904
1.55031093382691e-06,0.00875260072824404
1.55031193432716e-06,0.00822830401787585
1.55031293482741e-06,0.00769367359530893
1.55031393532766e-06,0.00715201448080409
1.55031493582791e-06,0.0066067180847802
1.55031593632816e-06,0.00606124329029186
1.55031693682841e-06,0.00551909667483566
1.55031793732866e-06,0.00498381196711703
1.55031893782891e-06,0.0044589288460399
1.55031993832916e-06,0.00394797120437047
1.55032093882941e-06,0.00345442500704744
1.55032193932966e-06,0.00298171589006032
1.55032293982991e-06,0.00253318664948488
1.55032394033017e-06,0.00211207478712562
1.55032494083042e-06,0.0017214902802919
1.55032594133067e-06,0.00136439375096934
1.55032694183092e-06,0.00104357521723666
1.55032794233117e-06,0.000761633605879684
1.55032894283142e-06,0.00052095721071298
1.55032994333167e-06,0.000323705272767486
1.55033094383192e-06,0.000171790859359721
1.55033194433217e-06,6.68652071102614e-05
1.55033294483242e-06,1.03036852098009e-05
1.55033394533267e-06,3.1935239153323e-06
1.55033494583292e-06,4.63234370360888e-05
1.55033594633317e-06,0.000140175251261642
1.55033694683342e-06,0.000284917636401694
1.55033794733367e-06,0.000480402010510673
1.55033894783392e-06,0.000726160671596091
1.55033994833417e-06,0.00102140718784514
1.55034094883442e-06,0.00136503905194978
1.55034194933467e-06,0.00175564258493677
1.55034294983492e-06,0.00219150005297057
1.55034395033517e-06,0.00267059893425664
1.55034495083542e-06,0.0031906432593841
1.55034595133567e-06,0.00374906692147659
1.55034695183592e-06,0.00434304884228132
1.55034795233617e-06,0.004969529857901
1.55034895283642e-06,0.00562523117950649
1.55034995333667e-06,0.00630667427038195
1.55035095383692e-06,0.00701020197419424
1.55035195433717e-06,0.00773200071821556
1.55035295483742e-06,0.00846812362200317
1.55035395533767e-06,0.00921451432640336
1.55035495583792e-06,0.00996703137181605
1.55035595633817e-06,0.0107214729492628
1.55035695683842e-06,0.0114736018590713
1.55035795733867e-06,0.0122191705122134
1.55035895783892e-06,0.0129539458226539
1.55035995833917e-06,0.0136737338483672
1.55036095883942e-06,0.0143744040438484
1.55036195933967e-06,0.0150519130040374
1.55036295983992e-06,0.0157023275857269
1.55036396034017e-06,0.0163218473083254
1.55036496084042e-06,0.016906825940951
1.55036596134067e-06,0.0174537921980617
1.55036696184092e-06,0.0179594694750587
1.55036796234117e-06,0.0184207945606709
1.55036896284142e-06,0.0188349352742019
1.55036996334167e-06,0.0191993069841791
1.55037096384192e-06,0.0195115879639598
1.55037196434217e-06,0.0197697335516635
1.55037296484242e-06,0.0199719890814642
1.55037396534267e-06,0.0201169015553607
1.55037496584292e-06,0.0202033300265864
1.55037596634317e-06,0.0202304546650969
1.55037696684342e-06,0.0201977844750124
1.55037796734367e-06,0.0201051636314379
1.55037896784392e-06,0.0199527764023626
1.55037996834417e-06,0.0197411506179181
1.55038096884442e-06,0.0194711596463556
1.55038196934467e-06,0.0191440228332579
1.55038296984492e-06,0.0187613043566381
1.55038397034517e-06,0.0183249104493764
1.55038497084542e-06,0.0178370849369745
1.55038597134567e-06,0.0173004030410898
1.55038697184592e-06,0.0167177633941824
1.55038797234617e-06,0.0160923782183746
1.55038897284642e-06,0.0154277616211971
1.55038997334667e-06,0.014727715968789
1.55039097384692e-06,0.0139963163007904
1.55039197434717e-06,0.0132378927674063
1.55039297484742e-06,0.0124570110739754
1.55039397534767e-06,0.0116584509368321
1.55039497584792e-06,0.010847182570962
1.55039597634817e-06,0.0100283412471177
1.55039697684842e-06,0.00920719998080582
1.55039797734867e-06,0.00838914043148928
1.55039897784892e-06,0.00757962212585591
1.55039997834917e-06,0.00678415013797364
1.55040097884942e-06,0.00600824138471819
1.55040197934967e-06,0.0052573897314692
1.55040297984993e-06,0.00453703012320348
1.55040398035018e-06,0.0038525019828191
1.55040498085043e-06,0.00320901214987812
1.55040598135068e-06,0.00261159765068663
1.55040698185093e-06,0.00206508861542855
1.55040798235118e-06,0.00157407166963433
1.55040898285143e-06,0.00114285414911557
1.55040998335168e-06,0.00077542948738763
1.55041098385193e-06,0.00047544413292104
1.55041198435218e-06,0.00024616635039431
1.55041298485243e-06,9.04572515570268e-05
1.55041398535268e-06,1.07443871864994e-05
1.55041498585293e-06,8.99821214801414e-06
1.55041598635318e-06,8.67117096176564e-05
1.55041698685343e-06,0.000244883428655445
1.55041798735368e-06,0.000484004153672136
1.55041898785393e-06,0.000804047383293866
1.55041998835418e-06,0.00120446375090006
1.55042098885443e-06,0.001684179475009
1.55042198935468e-06,0.0022415988741781
1.55042298985493e-06,0.00287461093616526
1.55042399035518e-06,0.00358059987892489
1.55042499085543e-06,0.00435645959515971
1.55042599135568e-06,0.00519861182402653
1.55042699185593e-06,0.00610302785447623
1.55042799235618e-06,0.00706525352570099
1.55042899285643e-06,0.00808043725468317
1.55042999335668e-06,0.00914336079725539
1.55043099385693e-06,0.0102484724238675
1.55043199435718e-06,0.0113899221780686
1.55043299485743e-06,0.0125615988739149
1.55043399535768e-06,0.0137571684844756
1.55043499585793e-06,0.014970113581529
1.55043599635818e-06,0.0161937734880688
1.55043699685843e-06,0.0174213848192407
1.55043799735868e-06,0.01864612210825
1.55043899785893e-06,0.0198611382324732
1.55043999835918e-06,0.0210596043765671
1.55044099885943e-06,0.0222347492992525
1.55044199935968e-06,0.0233798976995058
1.55044299985993e-06,0.024488507499852
1.55044400036018e-06,0.0255542058969796
1.55044500086043e-06,0.0265708240609559
1.55044600136068e-06,0.0275324303845325
1.55044700186093e-06,0.0284333622106428
1.55044800236118e-06,0.029268255990051
1.55044900286143e-06,0.0300320758413737
1.55045000336168e-06,0.0307201404975123
1.55045100386193e-06,0.0313281486381835
1.55045200436218e-06,0.031852202623015
1.55045300486243e-06,0.0322888306359157
1.55045400536268e-06,0.0326350072610719
1.55045500586293e-06,0.032888172509424
1.55045600636318e-06,0.0330462493074297
1.55045700686343e-06,0.033107659453757
1.55045800736368e-06,0.0330713380401398
1.55045900786393e-06,0.0329367463172905
1.55046000836418e-06,0.0327038829721695
1.55046100886443e-06,0.0323732937654724
1.55046200936468e-06,0.0319460794578523
1.55046300986493e-06,0.0314239019332265
1.55046401036518e-06,0.0308089884080077
1.55046501086543e-06,0.0301041335917793
1.55046601136568e-06,0.0293126996435304
1.55046701186593e-06,0.0284386137550295
1.55046801236618e-06,0.0274863631667049
1.55046901286643e-06,0.0264609874112581
1.55047001336668e-06,0.0253680675720061
1.55047101386693e-06,0.0242137123318326
1.55047201436718e-06,0.0230045405876872
1.55047301486743e-06,0.0217476604115901
1.55047401536768e-06,0.0204506441524567
1.55047501586793e-06,0.019121499484804
1.55047601636818e-06,0.0177686362399749
1.55047701686843e-06,0.0164008288943352
1.55047801736868e-06,0.0150271746277117
1.55047901786893e-06,0.0136570469090988
1.55048001836918e-06,0.0123000446499493
1.55048101886943e-06,0.0109659370050303
1.55048201936968e-06,0.00966460400134298
1.55048301986993e-06,0.00840597323370089
1.55048402037019e-06,0.00719995297865872
1.55048502087044e-06,0.00605636214179155
1.55048602137069e-06,0.00498485755887818
1.55048702187094e-06,0.00399485925689164
1.55048802237119e-06,0.00309547436310895
1.55048902287144e-06,0.00229542043134226
1.55049002337169e-06,0.00160294901900558
1.55049102387194e-06,0.00102577040931636
1.55049202437219e-06,0.000570980411446573
1.55049302487244e-06,0.000244990194811929
1.55049402537269e-06,5.34601214876128e-05
1.55049502587294e-06,1.23852295610826e-06
1.55049602637319e-06,9.23063306739287e-05
1.55049702687344e-06,0.000329728412559228
1.55049802737369e-06,0.000715612386542391
1.55049902787394e-06,0.00125107558353741
1.55050002837419e-06,0.0019362207165827
1.55050102887444e-06,0.0027701206773106
1.55050202937469e-06,0.00375081273962206
1.55050302987494e-06,0.00487530230339291
1.55050403037519e-06,0.00613957614047917
1.55050503087544e-06,0.00753862497182315
1.55050603137569e-06,0.00906647503394657
1.55050703187594e-06,0.0107162281668839
1.55050803237619e-06,0.0124801098184341
1.55050903287644e-06,0.0143495242467677
1.55051003337669e-06,0.0163151161240999
1.55051103387694e-06,0.0183668376461655
1.55051203437719e-06,0.0204940202269542
1.55051303487744e-06,0.0226854498179512
1.55051403537769e-06,0.0249294448832336
1.55051503587794e-06,0.0272139360914054
1.55051603637819e-06,0.0295265468017458
1.55051703687844e-06,0.0318546735051802
1.55051803737869e-06,0.0341855654142659
1.55051903787894e-06,0.0365064025126706
1.55052003837919e-06,0.0388043714458637
1.55052103887944e-06,0.0410667387436578
1.55052203937969e-06,0.0432809209622277
1.55052303987994e-06,0.0454345514360609
1.55052404038019e-06,0.0475155434460525
1.55052504088044e-06,0.0495121496841518
1.55052604138069e-06,0.0514130180080681
1.55052704188094e-06,0.0532072435542667
1.55052804238119e-06,0.0548844173529521
1.55052904288144e-06,0.0564346716508259
1.55053004338169e-06,0.0578487222205601
1.55053104388194e-06,0.0591179079467493
1.55053204438219e-06,0.0602342280432813
1.55053304488244e-06,0.061190377251344
1.55053404538269e-06,0.0619797793996221
1.55053504588294e-06,0.0625966196811913
1.55053604638319e-06,0.0630358760093484
1.55053704688344e-06,0.0632933497781034
1.55053804738369e-06,0.0633656963222636
1.55053904788394e-06,0.0632504553247771
1.55054004838419e-06,0.0629460813653024
1.55054104888444e-06,0.0624519747353257
1.55054204938469e-06,0.0617685125705617
1.55054304988494e-06,0.0608970802681028
1.55054405038519e-06,0.0598401030535262
1.55054505088544e-06,0.0586010774668817
1.55054605138569e-06,0.0571846024217185
1.55054705188594e-06,0.0555964093633308
1.55054805238619e-06,0.0538433909410962
1.55054905288644e-06,0.0519336274578102
1.55055005338669e-06,0.0498764102475953
1.55055105388694e-06,0.0476822609741184
1.55055205438719e-06,0.0453629457340293
1.55055305488744e-06,0.0429314827079409
1.55055405538769e-06,0.0404021419996143
1.55055505588794e-06,0.0377904362072223
1.55055605638819e-06,0.0351131002010592
1.55055705688844e-06,0.0323880585486569
1.55055805738869e-06,0.0296343790153608
1.55055905788894e-06,0.0268722106376836
1.55056005838919e-06,0.0241227049497378
1.55056105888944e-06,0.0214079191042527
1.5505620593897e-06,0.0187506998761212
1.55056305988995e-06,0.0161745478160766
1.5505640603902e-06,0.0137034611978434
1.55056506089045e-06,0.0113617598481651
1.5505660613907e-06,0.00917388946034565
1.55056706189095e-06,0.00716420754029537
1.5505680623912e-06,0.00535675276391958
1.55056906289145e-06,0.00377500014751411
1.5505700633917e-06,0.00244160508001919
1.55057106389195e-06,0.00137813987651444
1.5505720643922e-06,0.00060482709672188
1.55057306489245e-06,0.000140274343055032
1.5505740653927e-06,1.21565099154147e-06
1.55057506589295e-06,0.000202264810523355
1.5505760663932e-06,0.000755686050559478
1.55057706689345e-06,0.00167118740826051
1.5505780673937e-06,0.00295574182041207
1.55057906789395e-06,0.00461344048808036
1.5505800683942e-06,0.0066453824012572
1.55058106889445e-06,0.00904960307646536
1.5505820693947e-06,0.0118210446012899
1.55058306989495e-06,0.0149515680068547
1.5505840703952e-06,0.0184300078709323
1.55058507089545e-06,0.0222422679355058
1.5505860713957e-06,0.0263714554225212
1.55058707189595e-06,0.030798050734413
1.5505880723962e-06,0.035500108372658
1.55058907289645e-06,0.0404534841565765
1.5505900733967e-06,0.0456320833567608
1.55059107389695e-06,0.0510081239775913
1.5505920743972e-06,0.0565524093766669
1.55059307489745e-06,0.0622346044193847
1.5505940753977e-06,0.0680235096786157
1.55059507589795e-06,0.0738873286335061
1.5505960763982e-06,0.0797939233040493
1.55059707689845e-06,0.0857110545035138
1.5505980773987e-06,0.0916066035377099
1.55059907789895e-06,0.0974487729870949
1.5506000783992e-06,0.103206264928427
1.55060107889945e-06,0.108848435691027
1.5506020793997e-06,0.114345426975151
1.55060307989995e-06,0.119668273707315
1.5506040804002e-06,0.12478898964926
1.55060508090045e-06,0.129680632215267
1.5506060814007e-06,0.134317348366145
1.55060708190095e-06,0.138674403786694
1.5506080824012e-06,0.14272819782474
1.55060908290145e-06,0.146456266874377
1.5506100834017e-06,0.149837279039603
1.55061108390195e-06,0.152851023060098
1.5506120844022e-06,0.155478394572634
1.55061308490245e-06,0.157701382873161
1.5506140854027e-06,0.159503061442072
1.55061508590295e-06,0.160867585600091
1.5506160864032e-06,0.161780200781892
1.55061708690345e-06,0.162227265063937
1.5506180874037e-06,0.162196289773916
1.55061908790395e-06,0.161676002222404
1.5506200884042e-06,0.160656434855025
1.55062108890445e-06,0.159129045410612
1.5506220894047e-06,0.157086872974891
1.55062308990495e-06,0.154524735139106
1.5506240904052e-06,0.151439471756052
1.55062509090545e-06,0.147830241044372
1.5506260914057e-06,0.143698873900148
1.55062709190595e-06,0.13905029227845
1.5506280924062e-06,0.133892997196568
1.55062909290645e-06,0.128239631274017
1.5506300934067e-06,0.122107619597354
1.55063109390695e-06,0.115519890874603
1.5506320944072e-06,0.10850567820931
1.55063309490745e-06,0.101101395098312
1.5506340954077e-06,0.0933515772222177
1.55063509590795e-06,0.0853098740829994
1.5506360964082e-06,0.0770400661638515
1.55063709690845e-06,0.0686170732693095
1.5506380974087e-06,0.0601279075586297
1.55063909790895e-06,0.0516725112694378
1.5506400984092e-06,0.043364404344923
1.55064109890945e-06,0.0353310523659153
1.5506420994097e-06,0.0277138516347511
1.55064309990995e-06,0.0206676180915576
1.55064410041021e-06,0.014359462709522
1.55064510091046e-06,0.00896694088619605
1.55064610141071e-06,0.00467538080358478
1.55064710191096e-06,0.00167432852220501
1.55064810241121e-06,0.000153097604300633
1.55064910291146e-06,0.000295478752188008
1.55065010341171e-06,0.00227374735195375
1.55065110391196e-06,0.00624219820610478
1.55065210441221e-06,0.0123305273274916
1.55065310491246e-06,0.0206374579857795
1.55065410541271e-06,0.0312250580392409
1.55065510591296e-06,0.044114204979969
1.55065610641321e-06,0.059281614654353
1.55065710691346e-06,0.0766587570317025
1.55065810741371e-06,0.096132843519319
1.55065910791396e-06,0.117549900297577
1.55066010841421e-06,0.140719761978904
1.55066110891446e-06,0.165422654459684
1.55066210941471e-06,0.19141690738494
1.55066310991496e-06,0.218447261877531
1.55066411041521e-06,0.246253224662999
1.55066511091546e-06,0.274576963300415
1.55066611141571e-06,0.303170326542528
1.55066711191596e-06,0.331800692957112
1.55066811241621e-06,0.360255479818877
1.55066911291646e-06,0.38834526802642
1.55067011341671e-06,0.415905602904867
1.55067111391696e-06,0.442797608932901
1.55067211441721e-06,0.468907606298796
1.55067311491746e-06,0.494145940504851
1.55067411541771e-06,0.518445236901561
1.55067511591796e-06,0.541758277414557
1.55067611641821e-06,0.564055670693195
1.55067711691846e-06,0.585323456605587
1.55067811741871e-06,0.605560753735326
1.55067911791896e-06,0.624777529015448
1.55068011841921e-06,0.642992541985403
1.55068111891946e-06,0.660231494325379
1.55068211941971e-06,0.676525397933403
1.55068311991996e-06,0.691909162038065
1.55068412042021e-06,0.706420390483275
1.55068512092046e-06,0.720098374397623
1.55068612142071e-06,0.732983262107802
1.55068712192096e-06,0.745115386381395
1.55068812242121e-06,0.756534729013081
1.55068912292146e-06,0.767280503431445
1.55069012342171e-06,0.777390837377206
1.55069112392196e-06,0.786902539308665
1.55069212442221e-06,0.795850934028922
1.55069312492246e-06,0.804269754853005
1.55069412542271e-06,0.812191081384737
1.55069512592296e-06,0.819645313548017
1.55069612642321e-06,0.826661174066359
1.55069712692346e-06,0.833265732834214
1.55069812742371e-06,0.839484447761577
1.55069912792396e-06,0.845341217694514
1.55070012842421e-06,0.850858443798803
1.55070112892446e-06,0.856057096559353
1.55070212942471e-06,0.860956786064435
1.55070312992496e-06,0.865575833825432
1.55070413042521e-06,0.869931344698559
1.55070513092546e-06,0.874039277872754
1.55070613142571e-06,0.877914516117937
1.55070713192596e-06,0.88157093271394
1.55070813242621e-06,0.885021455675257
1.55070913292646e-06,0.888278128987908
1.55071013342671e-06,0.891352170708715
1.55071113392696e-06,0.894254027856979
1.55071213442721e-06,0.896993428091103
1.55071313492746e-06,0.899579428205293
1.55071413542771e-06,0.902020459530084
1.55071513592796e-06,0.904324370342913
1.55071613642821e-06,0.906498465396173
1.55071713692846e-06,0.908549542713277
1.55071813742871e-06,0.910483927782196
1.55071913792896e-06,0.912307505291239
1.55072013842921e-06,0.914025748543727
1.55072113892946e-06,0.915643746706322
1.55072213942971e-06,0.9171662300093
1.55072313992997e-06,0.918597593037408
1.55072414043022e-06,0.919941916237895
1.55072514093047e-06,0.921202985760083
1.55072614143072e-06,0.922384311738568
1.55072714193097e-06,0.923489145122932
1.55072814243122e-06,0.924520493155508
1.55072914293147e-06,0.9254811335849
1.55073014343172e-06,0.926373627698644
1.55073114393197e-06,0.927200332254798
1.55073214443222e-06,0.927963410383843
1.55073314493247e-06,0.928664841523658
1.55073414543272e-06,0.929306430452511
1.55073514593297e-06,0.929889815469954
1.55073614643322e-06,0.930416475778419
1.55073714693347e-06,0.930887738108378
1.55073814743372e-06,0.931304782630025
1.55073914793397e-06,0.931668648183102
1.55074014843422e-06,0.93198023686137
1.55074114893447e-06,0.932240317975667
1.55074214943472e-06,0.932449531422528
1.55074314993497e-06,0.932608390476685
1.55074415043522e-06,0.932717284025424
1.55074515093547e-06,0.932776478258434
1.55074615143572e-06,0.932786117822638
1.55074715193597e-06,0.932746226449671
1.55074815243622e-06,0.932656707059511
1.55074915293647e-06,0.932517341340918
1.55075015343672e-06,0.932327788806153
1.55075115393697e-06,0.932087585314533
1.55075215443722e-06,0.931796141055168
1.55075315493747e-06,0.931452737977635
1.55075415543772e-06,0.931056526654213
1.55075515593797e-06,0.930606522555577
1.55075615643822e-06,0.930101601715819
1.55075715693847e-06,0.929540495762313
1.55075815743872e-06,0.928921786279495
1.55075915793897e-06,0.928243898471757
1.55076015843922e-06,0.927505094086961
1.55076115893947e-06,0.926703463560775
1.55076215943972e-06,0.925836917327116
1.55076315993997e-06,0.92490317625076
1.55076416044022e-06,0.923899761117957
1.55076516094047e-06,0.922823981123776
1.55076616144072e-06,0.921672921286659
1.55076716194097e-06,0.920443428716048
1.55076816244122e-06,0.919132097652741
1.55076916294147e-06,0.917735253187731
1.55077016344172e-06,0.91624893357271
1.55077116394197e-06,0.914668871019294
1.55077216444222e-06,0.912990470869252
1.55077316494247e-06,0.911208789036657
1.55077416544272e-06,0.909318507584952
1.55077516594297e-06,0.907313908321325
1.55077616644322e-06,0.905188844267727
1.55077716694347e-06,0.902936708874673
1.55077816744372e-06,0.900550402837285
1.55077916794397e-06,0.898022298366306
1.55078016844422e-06,0.895344200777926
1.55078116894447e-06,0.892507307267969
1.55078216944472e-06,0.88950216273404
1.55078316994497e-06,0.886318612551111
1.55078417044522e-06,0.882945752193587
1.55078517094547e-06,0.879371873667104
1.55078617144572e-06,0.875584408712557
1.55078717194597e-06,0.871569868850199
1.55078817244622e-06,0.867313782379724
1.55078917294647e-06,0.862800628536996
1.55079017344672e-06,0.858013769178928
1.55079117394697e-06,0.852935378485419
1.55079217444722e-06,0.847546371381777
1.55079317494747e-06,0.841826331627348
1.55079417544772e-06,0.835753440837624
1.55079517594797e-06,0.829304410047495
1.55079617644822e-06,0.822454415921788
1.55079717694847e-06,0.81517704420878
1.55079817744872e-06,0.807444243789211
1.55079917794897e-06,0.799226295294721
1.55080017844922e-06,0.790491799407971
1.55080117894947e-06,0.781207690793091
1.55080217944972e-06,0.771339285077611
1.55080317994998e-06,0.760850367471254
1.55080418045023e-06,0.74970333338565
1.55080518095048e-06,0.737859392995022
1.55080618145073e-06,0.725278853468933
1.55080718195098e-06,0.711921494511335
1.55080818245123e-06,0.69774705451407
1.55080918295148e-06,0.682715846115122
1.55081018345173e-06,0.666789520951071
1.55081118395198e-06,0.64993200363863
1.55081218445223e-06,0.632110613976123
1.55081318495248e-06,0.613297393724822
1.55081418545273e-06,0.593470649463869
1.55081518595298e-06,0.57261671513138
1.55081618645323e-06,0.550731926535918
1.55081718695348e-06,0.527824784674631
1.55081818745373e-06,0.503918264513332
1.55081918795398e-06,0.479052201460798
1.55082018845423e-06,0.453285658876408
1.55082118895448e-06,0.426699148903976
1.55082218945473e-06,0.39939654737046
1.55082318995498e-06,0.371506515109333
1.55082419045523e-06,0.343183218654903
1.55082519095548e-06,0.31460613665844
1.55082619145573e-06,0.285978752591349
1.55082719195598e-06,0.257525972494018
1.55082819245623e-06,0.229490173881497
1.55082919295648e-06,0.202125885780886
1.55083019345673e-06,0.175693216657817
1.55083119395698e-06,0.150450275731161
1.55083219445723e-06,0.126644957593645
1.55083319495748e-06,0.104506563733637
1.55083419545773e-06,0.0842377975299204
1.55083519595798e-06,0.0660076792312464
1.55083619645823e-06,0.0499458763764084
1.55083719695848e-06,0.0361388369319642
1.55083819745873e-06,0.0246279597972179
1.55083919795898e-06,0.0154098604314506
1.55084019845923e-06,0.00843861290649721
1.55084119895948e-06,0.00362969641656842
1.55084219945973e-06,0.000865262160795465
1.55084319995998e-06,2.75067228757573e-07
1.55084420046023e-06,0.000869074977673435
1.55084520096048e-06,0.00329193685032034
1.55084620146073e-06,0.00708127728479911
1.55084720196098e-06,0.0120472413974909
1.55084820246123e-06,0.0180024962288531
1.55084920296148e-06,0.024766143648868
1.55085020346173e-06,0.0321667396601374
1.55085120396198e-06,0.0400444641391067
1.55085220446223e-06,0.0482525246263839
1.55085320496248e-06,0.0566579009512359
1.55085420546273e-06,0.0651415471991767
1.55085520596298e-06,0.0735981665332729
1.55085620646323e-06,0.0819356665156807
1.55085720696348e-06,0.090074390088803
1.55085820746373e-06,0.0979462028724691
1.55085920796398e-06,0.105493502611455
1.55086020846423e-06,0.112668202433555
1.55086120896448e-06,0.119430726944588
1.55086220946473e-06,0.125749049270758
1.55086320996498e-06,0.131597788125062
1.55086421046523e-06,0.136957376826127
1.55086521096548e-06,0.141813310480869
1.55086621146573e-06,0.146155473409617
1.55086721196598e-06,0.149977545811398
1.55086821246623e-06,0.153276486536002
1.55086921296648e-06,0.156052087461605
1.55087021346673e-06,0.15830659413687
1.55087121396698e-06,0.160044386941982
1.55087221446723e-06,0.161271716885834
1.55087321496748e-06,0.161996490243188
1.55087421546773e-06,0.162228096440163
1.55087521596798e-06,0.16197727386297
1.55087621646823e-06,0.161256008584527
1.55087721696848e-06,0.160077461307689
1.55087821746873e-06,0.158455918119867
1.55087921796898e-06,0.156406760928884
1.55088021846923e-06,0.153946453675918
1.55088121896948e-06,0.151092540622402
1.55088221946973e-06,0.147863653175146
1.55088321996999e-06,0.14427952184169
1.55088422047024e-06,0.140360990032452
1.55088522097049e-06,0.136130026489485
1.55088622147074e-06,0.131609733265493
1.55088722197099e-06,0.126824346224941
1.55088822247124e-06,0.121799225172738
1.55088922297149e-06,0.11656083088569
1.55089022347174e-06,0.111136686467838
1.55089122397199e-06,0.105555320719009
1.55089222447224e-06,0.0998461915087329
1.55089322497249e-06,0.0940395875190812
1.55089422547274e-06,0.088166507165344
1.55089522597299e-06,0.082258514023462
1.55089622647324e-06,0.0763475687383245
1.55089722697349e-06,0.0704658379664159
1.55089822747374e-06,0.0646454817049021
1.55089922797399e-06,0.0589184210617091
1.55090022847424e-06,0.0533160892706608
1.55090122897449e-06,0.04786916953264
1.55090222947474e-06,0.0426073238851405
1.55090322997499e-06,0.0375589179646059
1.55090423047524e-06,0.0327507469727901
1.55090523097549e-06,0.0282077684907318
1.55090623147574e-06,0.023952847972825
1.55090723197599e-06,0.0200065227006302
1.55090823247624e-06,0.0163867897364074
1.55090923297649e-06,0.0131089230168123
1.55091023347674e-06,0.0101853240598708
1.55091123397699e-06,0.00762540996260967
1.55091223447724e-06,0.00543554142952761
1.55091323497749e-06,0.00361899252625064
1.55091423547774e-06,0.00217596271292414
1.55091523597799e-06,0.00110363061726808
1.55091623647824e-06,0.000396247904356544
1.55091723697849e-06,4.52705930258162e-05
1.55091823747874e-06,3.95242804655652e-05
1.55091923797899e-06,0.000365399001619954
1.55092023847924e-06,0.0010070688908532
1.55092123897949e-06,0.00194673143869684
1.55092223947974e-06,0.00316486095998481
1.55092323997999e-06,0.00464047089028945
1.55092424048024e-06,0.00635137970561651
1.55092524098049e-06,0.008274475583367
1.55092624148074e-06,0.0103859753580955
1.55092724198099e-06,0.0126616738803715
1.55092824248124e-06,0.0150771804592398
1.55092924298149e-06,0.0176081397348846
1.55093024348174e-06,0.0202304349242546
1.55093124398199e-06,0.022920372046016
1.55093224448224e-06,0.0256548442819232
1.55093324498249e-06,0.0284114761834546
1.55093424548274e-06,0.0311687478879673
1.55093524598299e-06,0.033906099917953
1.55093624648324e-06,0.0366040194696886
1.55093724698349e-06,0.0392441093359949
1.55093824748374e-06,0.0418091408153566
1.55093924798399e-06,0.044283092084533
1.55094024848424e-06,0.04665117356771
1.55094124898449e-06,0.0488998418651262
1.55094224948474e-06,0.0510168037854711
1.55094324998499e-06,0.0529910119684142
1.55094425048524e-06,0.0548126534830559
1.55094525098549e-06,0.0564731327135577
1.55094625148574e-06,0.0579650497073973
1.55094725198599e-06,0.0592821750251719
1.55094825248624e-06,0.0604194220210703
1.55094925298649e-06,0.061372817332214
1.55095025348674e-06,0.0621394702231508
1.55095125398699e-06,0.0627175413111659
1.55095225448724e-06,0.0631062110678663
1.55095325498749e-06,0.0633056483818778
1.55095425548774e-06,0.0633169793547293
1.55095525598799e-06,0.0631422564084226
1.55095625648824e-06,0.0627844276901183
1.55095725698849e-06,0.0622473066811416
1.55095825748874e-06,0.0615355418462644
1.55095925798899e-06,0.0606545861012151
1.55096025848924e-06,0.0596106658221232
1.55096125898949e-06,0.0584107490867187
1.55096225948974e-06,0.0570625128060039
1.55096325999e-06,0.0555743083796908
1.55096426049025e-06,0.0539551255156019
1.5509652609905e-06,0.0522145538460428
1.55096626149075e-06,0.0503627419879247
1.550967261991e-06,0.0484103537344192
1.55096826249125e-06,0.0463685210833824
1.5509692629915e-06,0.0442487938774685
1.55097026349175e-06,0.0420630858709403
1.550971263992e-06,0.0398236171316158
1.55097226449225e-06,0.0375428527445004
1.5509732649925e-06,0.0352334378805703
1.55097426549275e-06,0.0329081294008419
1.550975265993e-06,0.0305797242367194
1.55097626649325e-06,0.0282609849318762
1.5509772669935e-06,0.0259645627775891
1.55097826749375e-06,0.0237029191397415
1.550979267994e-06,0.021488245613744
1.55098026849425e-06,0.0193323837610464
1.5509812689945e-06,0.0172467452496412
1.55098226949475e-06,0.0152422332850625
1.550983269995e-06,0.0133291662476797
1.55098427049525e-06,0.0115172045047621
1.5509852709955e-06,0.00981528134730832
1.55098627149575e-06,0.00823153899452116
1.550987271996e-06,0.00677327056515294
1.55098827249625e-06,0.00544686886233718
1.5509892729965e-06,0.00425778272194699
1.55099027349675e-06,0.00321048157543247
1.550991273997e-06,0.00230842876656338
1.55099227449725e-06,0.00155406401372422
1.5509932749975e-06,0.00094879527134177
1.55099427549775e-06,0.000493000087213565
1.550995275998e-06,0.000186036404516894
1.55099627649825e-06,2.62625969457373e-05
1.5509972769985e-06,1.10663810726124e-05
1.55099827749875e-06,0.000136902115116913
1.550999277999e-06,0.00039933586620071
1.55100027849925e-06,0.000793097523624767
1.5510012789995e-06,0.00131213914504993
1.55100227949975e-06,0.00194969865612921
1.55100328e-06,0.00269836797591479
