1.54900328e-06,0.00377031327393142
1.54900428050025e-06,0.0037562050510942
1.5490052810005e-06,0.00373902087780049
1.54900628150075e-06,0.00371878149859647
1.549007282001e-06,0.00369551273204118
1.54900828250125e-06,0.00366924545515881
1.5490092830015e-06,0.00364001557994968
1.54901028350175e-06,0.00360786402191624
1.549011284002e-06,0.00357283666061679
1.54901228450225e-06,0.00353498429228309
1.5490132850025e-06,0.00349436257456548
1.54901428550275e-06,0.00345103196318047
1.549015286003e-06,0.00340505764091357
1.54901628650325e-06,0.00335650943865442
1.5490172870035e-06,0.0033054617487341
1.54901828750375e-06,0.00325199343057255
1.549019288004e-06,0.00319618770871684
1.54902028850425e-06,0.00313813206343548
1.5490212890045e-06,0.00307791811385875
1.54902228950475e-06,0.00301564149381296
1.549023290005e-06,0.00295140172072782
1.54902429050525e-06,0.00288530205725495
1.5490252910055e-06,0.00281744936627234
1.54902629150575e-06,0.00274795395909783
1.549027292006e-06,0.00267692943739813
1.54902829250625e-06,0.00260449252842948
1.5490292930065e-06,0.00253076291466129
1.54903029350675e-06,0.0024558630571662
1.549031294007e-06,0.00237991801344066
1.54903229450725e-06,0.00230305524994409
1.5490332950075e-06,0.00222540444939121
1.54903429550775e-06,0.00214709731303237
1.549035296008e-06,0.00206826735855348
1.54903629650825e-06,0.00198904971341139
1.5490372970085e-06,0.0019095809042955
1.54903829750875e-06,0.00182999864271696
1.549039298009e-06,0.00175044160723218
1.54904029850925e-06,0.00167104922262704
1.5490412990095e-06,0.00159196143622324
1.54904229950975e-06,0.00151331849182469
1.54904330001001e-06,0.00143526070163663
1.54904430051026e-06,0.00135792821645976
1.54904530101051e-06,0.00128146079441805
1.54904630151076e-06,0.00120599756895146
1.54904730201101e-06,0.00113167681611487
1.54904830251126e-06,0.00105863572158031
1.54904930301151e-06,0.000987010148041924
1.54905030351176e-06,0.000916934403177768
1.54905130401201e-06,0.000848541008425122
1.54905230451226e-06,0.000781960469372116
1.54905330501251e-06,0.000717321047905835
1.54905430551276e-06,0.000654748536563287
1.54905530601301e-06,0.000594366035468674
1.54905630651326e-06,0.000536293732401385
1.54905730701351e-06,0.000480648686273933
1.54905830751376e-06,0.000427544614369868
1.54905930801401e-06,0.000377091684001794
1.54906030851426e-06,0.000329396308711029
1.54906130901451e-06,0.0002845609495551
1.54906230951476e-06,0.000242683921799246
1.54906331001501e-06,0.000203859207445925
1.54906431051526e-06,0.000168176274022139
1.54906531101551e-06,0.000135719899811735
1.54906631151576e-06,0.000106570006081532
1.54906731201601e-06,8.08014965759199e-05
1.54906831251626e-06,5.84841045946107e-05
1.54906931301651e-06,3.96822479853408e-05
1.54907031351676e-06,2.44548924071335e-05
1.54907131401701e-06,1.28554231249853e-05
1.54907231451726e-06,4.93152558425511e-06
1.54907331501751e-06,7.25075130912671e-07
1.54907431551776e-06,2.72036038216026e-07
1.54907531601801e-06,3.60237011703507e-06
1.54907631651826e-06,1.07399551222513e-05
1.54907731701851e-06,2.17025131658292e-05
1.54907831751876e-06,3.65015492701899e-05
1.54907931801901e-06,5.51423003208731e-05
1.54908031851926e-06,7.76236944578516e-05
1.54908131901951e-06,0.000103938321069877
1.54908231951976e-06,0.000134072411543288
1.54908332002001e-06,0.00016800583078078
1.54908432052026e-06,0.000205712079570676
1.54908532102051e-06,0.000247158307827011
1.54908632152076e-06,0.000292305338832841
1.54908732202101e-06,0.000341107704309104
1.54908832252126e-06,0.0003935136904207
1.54908932302151e-06,0.000449465394609506
1.54909032352176e-06,0.000508898793280632
1.54909132402201e-06,0.000571743820035592
1.54909232452226e-06,0.000637924454693009
1.54909332502251e-06,0.000707358822619211
1.54909432552276e-06,0.000779959304465463
1.54909532602301e-06,0.000855632655953741
1.54909632652326e-06,0.000934280137804022
1.54909732702351e-06,0.00101579765524701
1.54909832752376e-06,0.00110007590716077
1.54909932802401e-06,0.00118700054446516
1.54910032852426e-06,0.00127645233766074
1.54910132902451e-06,0.00136830735294341
1.54910232952476e-06,0.00146243713686756
1.54910333002501e-06,0.00155870890941155
1.54910433052526e-06,0.00165698576446356
1.54910533102551e-06,0.00175712687816175
1.54910633152576e-06,0.00185898772427077
1.54910733202601e-06,0.00196242029642013
1.54910833252626e-06,0.00206727333663726
1.54910933302651e-06,0.00217339257032602
1.54911033352676e-06,0.00228062094642068
1.54911133402701e-06,0.00238879888322807
1.54911233452726e-06,0.00249776451889328
1.54911333502751e-06,0.00260735396649009
1.54911433552776e-06,0.00271740157319351
1.54911533602801e-06,0.00282774018284466
1.54911633652826e-06,0.00293820140198731
1.54911733702851e-06,0.00304861586854991
1.54911833752876e-06,0.00315881352292727
1.54911933802901e-06,0.00326862388084297
1.54912033852926e-06,0.00337787630798426
1.54912133902951e-06,0.00348640029531069
1.54912233952976e-06,0.0035940257352673
1.54912334003001e-06,0.00370058319804533
1.54912434053027e-06,0.00380590420766946
1.54912534103052e-06,0.00390982151715358
1.54912634153077e-06,0.00401216938308729
1.54912734203102e-06,0.0041127838380896
1.54912834253127e-06,0.00421150296177542
1.54912934303152e-06,0.00430816714898088
1.54913034353177e-06,0.00440261937577784
1.54913134403202e-06,0.00449470546166773
1.54913234453227e-06,0.00458427432871885
1.54913334503252e-06,0.00467117825663441
1.54913434553277e-06,0.00475527313334974
1.54913534603302e-06,0.00483641870106972
1.54913634653327e-06,0.0049144787972597
1.54913734703352e-06,0.00498932159017214
1.54913834753377e-06,0.00506081980855265
1.54913934803402e-06,0.00512885096534611
1.54914034853427e-06,0.00519329757489812
1.54914134903452e-06,0.00525404736335966
1.54914234953477e-06,0.00531099347203251
1.54914335003502e-06,0.00536403465341813
1.54914435053527e-06,0.00541307545939802
1.54914535103552e-06,0.0054580264216165
1.54914635153577e-06,0.00549880422344576
1.54914735203602e-06,0.00553533186363042
1.54914835253627e-06,0.0055675388109692
1.54914935303652e-06,0.0055953611500579
1.54915035353677e-06,0.00561874171780398
1.54915135403702e-06,0.00563763023033059
1.54915235453727e-06,0.00565198340030846
1.54915335503752e-06,0.00566176504424827
1.54915435553777e-06,0.00566694617976169
1.54915535603802e-06,0.00566750511247561
1.54915635653827e-06,0.00566342751247685
1.54915735703852e-06,0.00565470648011363
1.54915835753877e-06,0.00564134260099023
1.54915935803902e-06,0.00562334399004412
1.54916035853927e-06,0.00560072632449562
1.54916135903952e-06,0.00557351286566257
1.54916235953977e-06,0.00554173446940845
1.54916336004002e-06,0.00550542958527989
1.54916436054027e-06,0.00546464424401263
1.54916536104052e-06,0.00541943203366014
1.54916636154077e-06,0.00536985406393757
1.54916736204102e-06,0.00531597891902669
1.54916836254127e-06,0.00525788259858428
1.54916936304152e-06,0.00519564844710314
1.54917036354177e-06,0.00512936707159668
1.54917136404202e-06,0.00505913624736693
1.54917236454227e-06,0.00498506081230853
1.54917336504252e-06,0.00490725254951982
1.54917436554277e-06,0.00482583005818782
1.54917536604302e-06,0.00474091861302676
1.54917636654327e-06,0.00465265001240917
1.54917736704352e-06,0.00456116241489735
1.54917836754377e-06,0.00446660016480562
1.54917936804402e-06,0.00436911360646739
1.54918036854427e-06,0.00426885888785314
1.54918136904452e-06,0.0041659977531137
1.54918236954477e-06,0.00406069732479559
1.54918337004502e-06,0.00395312987574614
1.54918437054527e-06,0.00384347259053598
1.54918537104552e-06,0.00373190731755279
1.54918637154577e-06,0.00361862031097016
1.54918737204602e-06,0.00350380196385337
1.54918837254627e-06,0.00338764653185011
1.54918937304652e-06,0.00327035184847139
1.54919037354677e-06,0.00315211903204333
1.54919137404702e-06,0.00303315218446399
1.54919237454727e-06,0.00291365808251854
1.54919337504752e-06,0.00279384586216738
1.54919437554777e-06,0.00267392669582723
1.54919537604802e-06,0.0025541134635234
1.54919637654827e-06,0.00243462041800302
1.54919737704852e-06,0.00231566284495857
1.54919837754877e-06,0.00219745671767829
1.54919937804902e-06,0.00208021834808795
1.54920037854927e-06,0.00196416403353804
1.54920137904952e-06,0.0018495097005526
1.54920237954977e-06,0.00173647054574173
1.54920338005003e-06,0.00162526067490766
1.54920438055028e-06,0.00151609274038787
1.54920538105053e-06,0.00140917757766546
1.54920638155078e-06,0.00130472384167953
1.54920738205103e-06,0.00120293764364909
1.54920838255128e-06,0.00110402218867969
1.54920938305153e-06,0.00100817741531184
1.54921038355178e-06,0.000915599637271098
1.54921138405203e-06,0.000826481188372825
1.54921238455228e-06,0.000741010070874125
1.54921338505253e-06,0.000659369608479971
1.54921438555278e-06,0.000581738104248946
1.54921538605303e-06,0.000508288504130197
1.54921638655328e-06,0.000439188067053904
1.54921738705353e-06,0.00037459804206752
1.54921838755378e-06,0.000314673353041671
1.54921938805403e-06,0.000259562291990261
1.54922038855428e-06,0.000209406221240928
1.54922138905453e-06,0.000164339285420357
1.54922238955478e-06,0.000124488133597182
1.54922339005503e-06,8.99716524934282e-05
1.54922439055528e-06,6.09007111227469e-05
1.54922539105553e-06,3.73779174926597e-05
1.54922639155578e-06,1.94973880252199e-05
1.54922739205603e-06,7.34453013566872e-06
1.54922839255628e-06,9.95838504288615e-07
1.54922939305653e-06,5.18705535911638e-07
1.54923039355678e-06,5.97124650140352e-06
1.54923139405703e-06,1.74021397551919e-05
1.54923239455728e-06,3.48504824494999e-05
1.54923339505753e-06,5.83456621695961e-05
1.54923439555778e-06,8.79072447258822e-05
1.54923539605803e-06,0.000123544878560229
1.54923639655828e-06,0.000165258215940877
1.54923739705853e-06,0.000213036851247943
1.54923839755878e-06,0.000266860276495595
1.54923939805903e-06,0.000326697854393096
1.54924039855928e-06,0.000392508808905564
1.54924139905953e-06,0.000464242233625055
1.54924239955978e-06,0.000541837117766151
1.54924340006003e-06,0.000625222390183777
1.54924440056028e-06,0.000714316980840571
1.54924540106053e-06,0.000809029900328732
1.54924640156078e-06,0.000909260336900833
1.54924740206103e-06,0.00101489777099542
1.54924840256128e-06,0.00112582210717254
1.54924940306153e-06,0.00124190382328377
1.54925040356178e-06,0.00136300413657326
1.54925140406203e-06,0.0014889751862186
1.54925240456228e-06,0.00161966023275346
1.54925340506253e-06,0.0017548938730114
1.54925440556278e-06,0.00189450227118529
1.54925540606303e-06,0.00203830340476093
1.54925640656328e-06,0.00218610732575156
1.54925740706353e-06,0.0023377164361655
1.54925840756378e-06,0.00249292577714959
1.54925940806403e-06,0.00265152333219676
1.54926040856428e-06,0.0028132903426441
1.54926140906453e-06,0.00297800163586427
1.54926240956478e-06,0.00314542596513998
1.54926341006503e-06,0.00331532636090773
1.54926441056528e-06,0.00348746049236339
1.54926541106553e-06,0.00366158103920901
1.54926641156578e-06,0.00383743607262198
1.54926741206603e-06,0.0040147694453522
1.54926841256628e-06,0.00419332118892367
1.54926941306653e-06,0.00437282791941062
1.54927041356678e-06,0.00455302324897648
1.54927141406703e-06,0.00473363820386684
1.54927241456728e-06,0.00491440164761625
1.54927341506753e-06,0.00509504070908768
1.54927441556778e-06,0.0052752812142641
1.54927541606803e-06,0.00545484812128239
1.54927641656828e-06,0.00563346595841693
1.54927741706853e-06,0.00581085926371915
1.54927841756878e-06,0.00598675302589912
1.54927941806903e-06,0.00616087312569484
1.54928041856928e-06,0.00633294677752727
1.54928141906953e-06,0.00650270296997481
1.54928241956978e-06,0.00666987290505654
1.54928342007003e-06,0.00683419043538761
1.54928442057029e-06,0.00699539249885526
1.54928542107054e-06,0.00715321954956227
1.54928642157079e-06,0.00730741598541351
1.54928742207104e-06,0.00745773057076496
1.54928842257129e-06,0.00760391685421097
1.54928942307154e-06,0.00774573358049021
1.54929042357179e-06,0.00788294509651618
1.54929142407204e-06,0.00801532175027553
1.54929242457229e-06,0.00814264028259234
1.54929342507254e-06,0.00826468421102001
1.54929442557279e-06,0.00838124420538764
1.54929542607304e-06,0.00849211845450327
1.54929642657329e-06,0.00859711302352999
1.54929742707354e-06,0.0086960422015633
1.54929842757379e-06,0.00878872883895078
1.54929942807404e-06,0.00887500467390742
1.54930042857429e-06,0.00895471064799193
1.54930142907454e-06,0.00902769721003821
1.54930242957479e-06,0.00909382460802786
1.54930343007504e-06,0.00915296316876493
1.54930443057529e-06,0.00920499356461021
1.54930543107554e-06,0.00924980706717637
1.54930643157579e-06,0.00928730578745269
1.54930743207604e-06,0.00931740290212838
1.54930843257629e-06,0.00934002286569
1.54930943307654e-06,0.00935510160788492
1.54931043357679e-06,0.00936258671643215
1.54931143407704e-06,0.00936243760443822
1.54931243457729e-06,0.00935462566233894
1.54931343507754e-06,0.00933913439403246
1.54931443557779e-06,0.00931595953690541
1.54931543607804e-06,0.00928510916547524
1.54931643657829e-06,0.00924660377836728
1.54931743707854e-06,0.00920047636842164
1.54931843757879e-06,0.00914677247551849
1.54931943807904e-06,0.00908555022213082
1.54932043857929e-06,0.00901688033109512
1.54932143907954e-06,0.00894084612565081
1.54932243957979e-06,0.0088575435111795
1.54932344008004e-06,0.00876708093901508
1.54932444058029e-06,0.00866957935139168
1.54932544108054e-06,0.00856517210799475
1.54932644158079e-06,0.0084540048938359
1.54932744208104e-06,0.0083362356078142
1.54932844258129e-06,0.00821203423253528
1.54932944308154e-06,0.00808158268494023
1.54933044358179e-06,0.00794507464749678
1.54933144408204e-06,0.00780271538031484
1.54933244458229e-06,0.00765472151363498
1.54933344508254e-06,0.0075013208212293
1.54933444558279e-06,0.0073427519739767
1.54933544608304e-06,0.00717926427457563
1.54933644658329e-06,0.00701111737244793
1.54933744708354e-06,0.00683858095994903
1.54933844758379e-06,0.00666193444871252
1.54933944808404e-06,0.00648146662768636
1.54934044858429e-06,0.00629747530202123
1.54934144908454e-06,0.00611026691328271
1.54934244958479e-06,0.00592015614136308
1.54934345008504e-06,0.00572746548842702
1.54934445058529e-06,0.00553252484474264
1.54934545108554e-06,0.00533567103744295
1.54934645158579e-06,0.00513724736186639
1.54934745208604e-06,0.00493760309666644
1.54934845258629e-06,0.00473709300240679
1.54934945308654e-06,0.00453607680488244
1.54935045358679e-06,0.00433491866325267
1.54935145408704e-06,0.00413398662359369
1.54935245458729e-06,0.00393365205901476
1.54935345508754e-06,0.00373428909631038
1.54935445558779e-06,0.00353627403067405
1.54935545608804e-06,0.00333998472849298
1.54935645658829e-06,0.00314580001974112
1.54935745708854e-06,0.00295409908065283
1.54935845758879e-06,0.00276526080691333
1.54935945808904e-06,0.00257966317969844
1.54936045858929e-06,0.00239768262445032
1.54936145908954e-06,0.00221969336374654
1.54936245958979e-06,0.00204606676571178
1.54936346009005e-06,0.00187717068866373
1.5493644605903e-06,0.0017133688234317
1.54936546109055e-06,0.00155502003435318
1.5493664615908e-06,0.0014024777003265
1.54936746209105e-06,0.0012560890576103
1.5493684625913e-06,0.00111619454437946
1.54936946309155e-06,0.000983127149992621
1.5493704635918e-06,0.000857211769158216
1.54937146409205e-06,0.000738764562832848
1.5493724645923e-06,0.000628092327005325
1.54937346509255e-06,0.000525491871015382
1.5493744655928e-06,0.000431249406636951
1.54937546609305e-06,0.000345639949117823
1.5493764665933e-06,0.000268926731885717
1.54937746709355e-06,0.000201360636345986
1.5493784675938e-06,0.000143179637517891
1.54937946809405e-06,9.46082676869866e-05
1.5493804685943e-06,5.58570987976495e-05
1.54938146909455e-06,2.71222451722044e-05
1.5493824695948e-06,8.5848876128264e-06
1.54938347009505e-06,4.10820403886026e-07
1.5493844705953e-06,2.75002212069818e-06
1.54938547109555e-06,1.57362515593272e-05
1.5493864715958e-06,3.94866698532545e-05
1.54938747209605e-06,7.41014897776329e-05
1.5493884725963e-06,0.000119663653280772
1.54938947309655e-06,0.000176238538202228
1.5493904735968e-06,0.000243873694883429
1.54939147409705e-06,0.000322598613665293
1.5493924745973e-06,0.000412424523936415
1.54939347509755e-06,0.000513344225287408
1.5493944755978e-06,0.00062533195138552
1.54939547609805e-06,0.000748343267190356
1.5493964765983e-06,0.000882314999866674
1.54939747709855e-06,0.00102716520361836
1.5493984775988e-06,0.0011827931585209
1.54939947809905e-06,0.00134907940449069
1.5494004785993e-06,0.00152588580889259
1.54940147909955e-06,0.0017130556692148
1.5494024795998e-06,0.00191041384992705
1.54940348010005e-06,0.00211776695360271
1.5494044806003e-06,0.00233490352606499
1.54940548110055e-06,0.00256159429489775
1.5494064816008e-06,0.00279759244175269
1.54940748210105e-06,0.00304263390661708
1.5494084826013e-06,0.0032964377248135
1.54940948310155e-06,0.00355870639521648
1.5494104836018e-06,0.00382912627935765
1.54941148410205e-06,0.00410736803018189
1.5494124846023e-06,0.00439308705065878
1.54941348510255e-06,0.00468592397968282
1.5494144856028e-06,0.00498550520602845
1.54941548610305e-06,0.00529144340783387
1.5494164866033e-06,0.00560333811811053
1.54941748710355e-06,0.00592077631327012
1.5494184876038e-06,0.00624333302534922
1.54941948810405e-06,0.00657057197564609
1.5494204886043e-06,0.00690204622851315
1.54942148910455e-06,0.00723729886534109
1.5494224896048e-06,0.00757586367498766
1.54942349010505e-06,0.00791726586266458
1.5494244906053e-06,0.00826102277275451
1.54942549110555e-06,0.00860664462627249
1.5494264916058e-06,0.00895363527161044
1.54942749210605e-06,0.00930149294574709
1.5494284926063e-06,0.00964971104611901
1.54942949310655e-06,0.00999777891186959
1.5494304936068e-06,0.0103451826115877
1.54943149410705e-06,0.0106914057384582
1.5494324946073e-06,0.011035930209306
1.54943349510755e-06,0.0113782370689062
1.5494344956078e-06,0.0117178072959193
1.54943549610805e-06,0.0120541226100516
1.5494364966083e-06,0.0123866662808386
1.54943749710855e-06,0.012714923934145
1.5494384976088e-06,0.0130383843579088
1.54943949810905e-06,0.01335654030383
1.5494404986093e-06,0.0136688892865085
1.54944149910955e-06,0.0139749343763065
1.5494424996098e-06,0.0142741849869566
1.54944350011005e-06,0.0145661576564298
1.54944450061031e-06,0.0148503768199731
1.54944550111056e-06,0.015126375574499
1.54944650161081e-06,0.0153936964338108
1.54944750211106e-06,0.0156518920739249
1.54944850261131e-06,0.0159005260671766
1.54944950311156e-06,0.0161391736050084
1.54945050361181e-06,0.0163674222086652
1.54945150411206e-06,0.0165848724269607
1.54945250461231e-06,0.0167911385202183
1.54945350511256e-06,0.0169858491307987
1.54945450561281e-06,0.0171686479385945
1.54945550611306e-06,0.0173391943013147
1.54945650661331e-06,0.0174971638791598
1.54945750711356e-06,0.0176422492433574
1.54945850761381e-06,0.0177741604677468
1.54945950811406e-06,0.0178926257031024
1.54946050861431e-06,0.017997391734115
1.54946150911456e-06,0.0180882245176512
1.54946250961481e-06,0.0181649097026052
1.54946351011506e-06,0.0182272531304863
1.54946451061531e-06,0.0182750813163944
1.54946551111556e-06,0.0183082419097356
1.54946651161581e-06,0.0183266041343052
1.54946751211606e-06,0.018330059207263
1.54946851261631e-06,0.018318520736275
1.54946951311656e-06,0.0182919250945053
1.54947051361681e-06,0.018250231772747
1.54947151411706e-06,0.018193423708141
1.54947251461731e-06,0.0181215075889995
1.54947351511756e-06,0.0180345141349456
1.54947451561781e-06,0.0179324983517586
1.54947551611806e-06,0.017815539760372
1.54947651661831e-06,0.0176837425993313
1.54947751711856e-06,0.0175372359996823
1.54947851761881e-06,0.0173761741318768
1.54947951811906e-06,0.0172007363240531
1.54948051861931e-06,0.0170111271503541
1.54948151911956e-06,0.0168075764890139
1.54948251961981e-06,0.0165903395488705
1.54948352012006e-06,0.0163596968642876
1.54948452062031e-06,0.0161159542563445
1.54948552112056e-06,0.0158594427606236
1.54948652162081e-06,0.0155905185202483
1.54948752212106e-06,0.0153095626425641
1.54948852262131e-06,0.0150169810201526
1.54948952312156e-06,0.0147132041132404
1.54949052362181e-06,0.0143986866947649
1.54949152412206e-06,0.0140739075550124
1.54949252462231e-06,0.0137393691667342
1.54949352512256e-06,0.0133955973092017
1.54949452562281e-06,0.013043140649489
1.54949552612306e-06,0.0126825702822414
1.54949652662331e-06,0.0123144792245774
1.54949752712356e-06,0.0119394818680417
1.54949852762381e-06,0.0115582133847944
1.54949952812406e-06,0.0111713290881722
1.54950052862431e-06,0.0107795037485207
1.54950152912456e-06,0.0103834308606805
1.54950252962481e-06,0.00998382186591545
1.54950353012506e-06,0.00958140532664516
1.54950453062531e-06,0.00917692605291541
1.54950553112556e-06,0.00877114418288538
1.54950653162581e-06,0.00836483421497322
1.54950753212606e-06,0.00795878399341374
1.54950853262631e-06,0.00755379364688262
1.54950953312656e-06,0.00715067448125664
1.54951053362681e-06,0.00675024782616349
1.54951153412706e-06,0.00635334383709971
1.54951253462731e-06,0.00596080025358769
1.54951353512756e-06,0.00557346111451463
1.54951453562781e-06,0.0051921754324364
1.54951553612806e-06,0.00481779582740384
1.54951653662831e-06,0.00445117712285906
1.54951753712856e-06,0.00409317490544645
1.54951853762881e-06,0.00374464405009596
1.54951953812906e-06,0.00340643721288443
1.54952053862931e-06,0.00307940329591384
1.54952153912956e-06,0.00276438588274862
1.54952253962981e-06,0.00246222165218633
1.54952354013007e-06,0.0021737387695105
1.54952454063032e-06,0.00189975526106711
1.54952554113057e-06,0.00164107737325234
1.54952654163082e-06,0.00139849792156761
1.54952754213107e-06,0.00117279463268658
1.54952854263132e-06,0.000964728482448567
1.54952954313157e-06,0.000775042035479017
1.54953054363182e-06,0.000604457789535183
1.54953154413207e-06,0.000453676529274354
1.54953254463232e-06,0.000323375692970223
1.54953354513257e-06,0.000214207758338453
1.54953454563282e-06,0.000126798650099101
1.54953554613307e-06,6.17461751734944e-05
1.54953654663332e-06,1.9618489332939e-05
1.54953754713357e-06,9.52600498776463e-07
1.54953854763382e-06,6.25291271280761e-06
1.54953954813407e-06,3.59898157627916e-05
1.54954054863432e-06,9.0598324750877e-05
1.54954154913457e-06,0.000170476774045307
1.54954254963482e-06,0.00027598557004552
1.54954355013507e-06,0.00040744600677296
1.54954455063532e-06,0.000565139148404151
1.54954555113557e-06,0.000749304782952377
1.54954655163582e-06,0.000960140450077198
1.54954755213607e-06,0.0011978005471799
1.54954855263632e-06,0.00146239551666196
1.54954955313657e-06,0.00175399111773611
1.54955055363682e-06,0.00207260778491451
1.54955155413707e-06,0.00241822007614576
1.54955255463732e-06,0.00279075621290766
1.54955355513757e-06,0.00319009771335618
1.54955455563782e-06,0.00361607912075799
1.54955555613807e-06,0.00406848782844727
1.54955655663832e-06,0.00454706400191978
1.54955755713857e-06,0.00505150059793288
1.54955855763882e-06,0.00558144348225793
1.54955955813907e-06,0.00613649164583255
1.54956055863932e-06,0.00671619751626449
1.54956155913957e-06,0.00732006736741024
1.54956255963982e-06,0.00794756182408466
1.54956356014007e-06,0.00859809645968468
1.54956456064032e-06,0.00927104248717693
1.54956556114057e-06,0.00996572753826381
1.54956656164082e-06,0.0106814365312641
1.54956756214107e-06,0.0114174126247826
1.54956856264132e-06,0.0121728582497584
1.54956956314157e-06,0.0129469362242184
1.54957056364182e-06,0.0137387709412908
1.54957156414207e-06,0.0145474496290718
1.54957256464232e-06,0.0153720236780014
1.54957356514257e-06,0.0162115100340276
1.54957456564282e-06,0.0170648926499701
1.54957556614307e-06,0.0179311239923837
1.54957656664332e-06,0.0188091266028731
1.54957756714357e-06,0.0196977947024584
1.54957856764382e-06,0.0205959958419301
1.54957956814407e-06,0.0215025725892502
1.54958056864432e-06,0.0224163442522137
1.54958156914457e-06,0.023336108629897
1.54958256964482e-06,0.0242606437897189
1.54958357014507e-06,0.0251887098668697
1.54958457064532e-06,0.0261190508814016
1.54958557114557e-06,0.0270503965665623
1.54958657164582e-06,0.0279814642099827
1.54958757214607e-06,0.0289109604986953
1.54958857264632e-06,0.0298375833670092
1.54958957314657e-06,0.0307600238446628
1.54959057364682e-06,0.0316769679012863
1.54959157414707e-06,0.0325870982836675
1.54959257464732e-06,0.03348909634259
1.54959357514757e-06,0.0343816438525611
1.54959457564782e-06,0.0352634248126324
1.54959557614807e-06,0.0361331272352157
1.54959657664832e-06,0.0369894449164379
1.54959757714857e-06,0.0378310791881934
1.54959857764882e-06,0.038656740650759
1.54959957814907e-06,0.0394651508841083
1.54960057864932e-06,0.040255044139148
1.54960157914957e-06,0.0410251690078131
1.54960257964982e-06,0.0417742900687969
1.54960358015007e-06,0.0425011895165313
1.54960458065033e-06,0.0432046687646453
1.54960558115058e-06,0.0438835500312469
1.54960658165083e-06,0.0445366779045197
1.54960758215108e-06,0.0451629208890622
1.54960858265133e-06,0.0457611729359404
1.54960958315158e-06,0.0463303549547219
1.54961058365183e-06,0.0468694163134649
1.54961158415208e-06,0.0473773363255276
1.54961258465233e-06,0.0478531257241338
1.54961358515258e-06,0.0482958281309763
1.54961458565283e-06,0.0487045215160597
1.54961558615308e-06,0.0490783196548202
1.54961658665333e-06,0.0494163735829472
1.54961758715358e-06,0.0497178730516505
1.54961858765383e-06,0.0499820479866497
1.54961958815408e-06,0.0502081699521704
1.54962058865433e-06,0.0503955536239322
1.54962158915458e-06,0.0505435582720759
1.54962258965483e-06,0.050651589258044
1.54962359015508e-06,0.0507190995468472
1.54962459065533e-06,0.0507455912377786
1.54962559115558e-06,0.0507306171154911
1.54962659165583e-06,0.0506737822239218
1.54962759215608e-06,0.0505747454650848
1.54962859265633e-06,0.0504332212244406
1.54962959315658e-06,0.0502489810251987
1.54963059365683e-06,0.0500218552122898
1.54963159415708e-06,0.0497517346679117
1.54963259465733e-06,0.049438572559282
1.54963359515758e-06,0.049082386120141
1.54963459565783e-06,0.0486832584649628
1.54963559615808e-06,0.0482413404371777
1.54963659665833e-06,0.0477568524909606
1.54963759715858e-06,0.0472300866048936
1.54963859765883e-06,0.0466614082269808
1.54963959815908e-06,0.0460512582501856
1.54964059865933e-06,0.0454001550136226
1.54964159915958e-06,0.0447086963289922
1.54964259965983e-06,0.0439775615280142
1.54964360016008e-06,0.0432075135273192
1.54964460066033e-06,0.0423994009031753
1.54964560116058e-06,0.0415541599745622
1.54964660166083e-06,0.0406728168870262
1.54964760216108e-06,0.0397564896871455
1.54964860266133e-06,0.0388063903845526
1.54964960316158e-06,0.0378238269880478
1.54965060366183e-06,0.0368102055112259
1.54965160416208e-06,0.0357670319296485
1.54965260466233e-06,0.0346959140859187
1.54965360516258e-06,0.0335985635253827
1.54965460566283e-06,0.0324767972477283
1.54965560616308e-06,0.0313325393631203
1.54965660666333e-06,0.0301678226356471
1.54965760716358e-06,0.0289847898981421
1.54965860766383e-06,0.0277856953156521
1.54965960816408e-06,0.0265729054884014
1.54966060866433e-06,0.0253489003647823
1.54966160916458e-06,0.0241162739484008
1.54966260966483e-06,0.0228777347767021
1.54966361016508e-06,0.0216361061505328
1.54966461066533e-06,0.0203943260872315
1.54966561116558e-06,0.0191554469760844
1.54966661166583e-06,0.0179226349130051
1.54966761216608e-06,0.0166991686869729
1.54966861266633e-06,0.0154884383950368
1.54966961316658e-06,0.0142939436587829
1.54967061366683e-06,0.0131192914217346
1.54967161416708e-06,0.0119681932975183
1.54967261466733e-06,0.0108444624478113
1.54967361516758e-06,0.00975200996794783
1.54967461566783e-06,0.00869484075557865
1.54967561616808e-06,0.00767704884314548
1.54967661666833e-06,0.00670281217468752
1.54967761716858e-06,0.005776386811658
1.54967861766883e-06,0.00490210054834589
1.54967961816908e-06,0.00408434593310367
1.54968061866933e-06,0.00332757267853143
1.54968161916958e-06,0.00263627946024052
1.54968261966983e-06,0.00201500510001788
1.54968362017009e-06,0.00146831913862165
1.54968462067034e-06,0.00100081180184311
1.54968562117059e-06,0.00061708337415101
1.54968662167084e-06,0.000321732995713483
1.54968762217109e-06,0.000119346905135449
1.54968862267134e-06,1.44861556328495e-05
1.54968962317159e-06,1.16738381008295e-05
1.54969062367184e-06,0.000115381850400607
1.54969162417209e-06,0.000330017258127635
1.54969262467234e-06,0.000659908298163251
1.54969362517259e-06,0.00110929008168825
1.54969462567284e-06,0.00168229006004722
1.54969562617309e-06,0.00238291332211826
1.54969662667334e-06,0.00321502779486248
1.54969762717359e-06,0.00418234942820444
1.54969862767384e-06,0.00528842744502649
1.54969962817409e-06,0.00653662974395706
1.54970062867434e-06,0.00793012854305502
1.54970162917459e-06,0.00947188635910565
1.54970262967484e-06,0.0111646424159057
1.54970363017509e-06,0.01301089957226
1.54970463067534e-06,0.0150129118686358
1.54970563117559e-06,0.0171726727876991
1.54970663167584e-06,0.0194919043106251
1.54970763217609e-06,0.0219720468693467
1.54970863267634e-06,0.024614250267533
1.54970963317659e-06,0.0274193656618194
1.54971063367684e-06,0.0303879386601455
1.54971163417709e-06,0.0335202036192256
1.54971263467734e-06,0.0368160791841897
1.54971363517759e-06,0.0402751651354147
1.54971463567784e-06,0.0438967405629101
1.54971563617809e-06,0.0476797634118079
1.54971663667834e-06,0.051622871419399
1.54971763717859e-06,0.0557243844349487
1.54971863767884e-06,0.0599823081356888
1.54971963817909e-06,0.0643943391197638
1.54972063867934e-06,0.0689578713472483
1.54972163917959e-06,0.0736700038908022
1.54972263967984e-06,0.0785275499585943
1.54972364018009e-06,0.0835270471224149
1.54972464068034e-06,0.0886647686844585
1.54972564118059e-06,0.0939367361116835
1.54972664168084e-06,0.0993387324544878
1.54972764218109e-06,0.104866316653979
1.54972864268134e-06,0.110514838639326
1.54972964318159e-06,0.116279455125706
1.54973064368184e-06,0.122155145995778
1.54973164418209e-06,0.128136731159043
1.54973264468234e-06,0.134218887776532
1.54973364518259e-06,0.14039616776325
1.54973464568284e-06,0.146663015426155
1.54973564618309e-06,0.153013785142779
1.54973664668334e-06,0.159442758996428
1.54973764718359e-06,0.165944164240493
1.54973864768384e-06,0.172512190504735
1.54973964818409e-06,0.179141006657918
1.54974064868434e-06,0.185824777242696
1.54974164918459e-06,0.192557678400291
1.54974264968484e-06,0.199333913204295
1.54974365018509e-06,0.206147726371323
1.54974465068534e-06,0.212993418263735
1.54974565118559e-06,0.219865358136164
1.54974665168584e-06,0.226757996615626
1.54974765218609e-06,0.233665877351489
1.54974865268634e-06,0.240583647821975
1.54974965318659e-06,0.247506069274792
1.54975065368684e-06,0.254428025820011
1.54975165418709e-06,0.26134453261291
1.54975265468734e-06,0.268250743196415
1.54975365518759e-06,0.275141955958051
1.54975465568784e-06,0.282013619753793
1.54975565618809e-06,0.288861338680858
1.54975665668834e-06,0.295680876065943
1.54975765718859e-06,0.302468157652658
1.54975865768884e-06,0.309219274054996
1.54975965818909e-06,0.315930482473812
1.54976065868934e-06,0.3225982077545
1.54976165918959e-06,0.329219042782335
1.54976265968984e-06,0.335789748280474
1.5497636601901e-06,0.342307252039031
1.54976466069035e-06,0.348768647625127
1.5497656611906e-06,0.35517119260022
1.54976666169085e-06,0.361512306291778
1.5497676621911e-06,0.367789567173106
1.54976866269135e-06,0.374000709871798
1.5497696631916e-06,0.380143621835327
1.54977066369185e-06,0.386216339743459
1.5497716641921e-06,0.392217045629855
1.54977266469235e-06,0.398144062807363
1.5497736651926e-06,0.403995851605558
1.54977466569285e-06,0.409771004939345
1.5497756661931e-06,0.415468243773643
1.54977666669335e-06,0.421086412468013
1.5497776671936e-06,0.426624474070489
1.54977866769385e-06,0.432081505549869
1.5497796681941e-06,0.437456693002984
1.54978066869435e-06,0.442749326870125
1.5497816691946e-06,0.447958797144667
1.54978266969485e-06,0.453084588634154
1.5497836701951e-06,0.458126276247215
1.54978467069535e-06,0.463083520360423
1.5497856711956e-06,0.467956062238824
1.54978667169585e-06,0.472743719551811
1.5497876721961e-06,0.477446381981074
1.54978867269635e-06,0.482064006918795
1.5497896731966e-06,0.486596615284979
1.54979067369685e-06,0.491044287452307
1.5497916741971e-06,0.495407159290241
1.54979267469735e-06,0.499685418332039
1.5497936751976e-06,0.50387930006138
1.54979467569785e-06,0.507989084337127
1.5497956761981e-06,0.512015091932842
1.54979667669835e-06,0.515957681210504
1.5497976771986e-06,0.519817244932369
1.54979867769885e-06,0.523594207183693
1.5497996781991e-06,0.527289020433464
1.54980067869935e-06,0.530902162720613
1.5498016791996e-06,0.534434134961306
1.54980267969985e-06,0.53788545837968
1.5498036802001e-06,0.541256672053586
1.54980468070035e-06,0.544548330585919
1.5498056812006e-06,0.547761001878625
1.54980668170085e-06,0.550895265022277
1.5498076822011e-06,0.553951708296416
1.54980868270135e-06,0.556930927267379
1.5498096832016e-06,0.559833522988152
1.54981068370185e-06,0.562660100295795
1.5498116842021e-06,0.565411266202761
1.54981268470235e-06,0.568087628380366
1.5498136852026e-06,0.570689793716032
1.54981468570285e-06,0.573218366973344
1.5498156862031e-06,0.575673949512401
1.54981668670335e-06,0.578057138097865
1.5498176872036e-06,0.580368523770254
1.54981868770385e-06,0.582608690796037
1.5498196882041e-06,0.584778215676236
1.54982068870435e-06,0.586877666216301
1.5498216892046e-06,0.58890760066368
1.54982268970485e-06,0.590868566892348
1.5498236902051e-06,0.592761101647885
1.54982469070535e-06,0.594585729836523
1.5498256912056e-06,0.59634296387042
1.54982669170585e-06,0.59803330305045
1.5498276922061e-06,0.599657232995176
1.54982869270635e-06,0.601215225112798
1.5498296932066e-06,0.602707736104531
1.54983069370685e-06,0.604135207510561
1.5498316942071e-06,0.605498065286553
1.54983269470735e-06,0.606796719411456
1.5498336952076e-06,0.608031563527792
1.54983469570785e-06,0.609202974606012
1.5498356962081e-06,0.610311312640924
1.54983669670835e-06,0.611356920366506
1.5498376972086e-06,0.612340122999137
1.54983869770885e-06,0.613261228000325
1.5498396982091e-06,0.61412052485983
1.54984069870935e-06,0.614918284898814
1.5498416992096e-06,0.615654761090492
1.54984269970985e-06,0.616330187899412
1.54984370021011e-06,0.616944781133904
1.54984470071036e-06,0.617498737815998
1.54984570121061e-06,0.617992236065724
1.54984670171086e-06,0.618425434996989
1.54984770221111e-06,0.61879847462823
1.54984870271136e-06,0.619111475804803
1.54984970321161e-06,0.619364540133065
1.54985070371186e-06,0.619557749925472
1.54985170421211e-06,0.619691168157241
1.54985270471236e-06,0.61976483843354
1.54985370521261e-06,0.619778784966643
1.54985470571286e-06,0.619733012563899
1.54985570621311e-06,0.619627506625598
1.54985670671336e-06,0.619462233153074
1.54985770721361e-06,0.619237138767026
1.54985870771386e-06,0.618952150736184
1.54985970821411e-06,0.618607177016601
1.54986070871436e-06,0.618202106301317
1.54986170921461e-06,0.617736808082129
1.54986270971486e-06,0.617211132721798
1.54986371021511e-06,0.616624911538499
1.54986471071536e-06,0.615977956904614
1.54986571121561e-06,0.615270062355335
1.54986671171586e-06,0.614501002715025
1.54986771221611e-06,0.613670534235005
1.54986871271636e-06,0.612778394749936
1.54986971321661e-06,0.611824303847921
1.54987071371686e-06,0.610807963060083
1.54987171421711e-06,0.609729056069132
1.54987271471736e-06,0.60858724893556
1.54987371521761e-06,0.607382190347478
1.54987471571786e-06,0.606113511891505
1.54987571621811e-06,0.604780828349507
1.54987671671836e-06,0.603383738017851
1.54987771721861e-06,0.601921823056984
1.54987871771886e-06,0.600394649868511
1.54987971821911e-06,0.598801769503445
1.54988071871936e-06,0.597142718102858
1.54988171921961e-06,0.595417017374999
1.54988271971986e-06,0.593624175107513
1.54988372022011e-06,0.591763685718723
1.54988472072036e-06,0.589835030852239
1.54988572122061e-06,0.587837680015839
1.54988672172086e-06,0.58577109126514
1.54988772222111e-06,0.583634711935332
1.54988872272136e-06,0.581427979432133
1.54988972322161e-06,0.5791503220675
1.54989072372186e-06,0.576801159960838
1.54989172422211e-06,0.574379905997457
1.54989272472236e-06,0.571885966853954
1.54989372522261e-06,0.569318744088015
1.54989472572286e-06,0.566677635297277
1.54989572622311e-06,0.563962035361002
1.54989672672336e-06,0.561171337746498
1.54989772722361e-06,0.55830493590441
1.54989872772386e-06,0.555362224751558
1.54989972822411e-06,0.552342602227632
1.54990072872436e-06,0.549245470959303
1.54990172922461e-06,0.546070240011103
1.54990272972486e-06,0.542816326734557
1.54990373022511e-06,0.539483158721488
1.54990473072536e-06,0.53607017586113
1.54990573122561e-06,0.532576832509194
1.54990673172586e-06,0.529002599763875
1.54990773222611e-06,0.525346967859938
1.54990873272636e-06,0.521609448677864
1.54990973322661e-06,0.517789578381455
1.54991073372686e-06,0.5138869201636
1.54991173422711e-06,0.509901067127299
1.54991273472736e-06,0.505831645296299
1.54991373522761e-06,0.501678316738746
1.54991473572786e-06,0.497440782830461
1.54991573622811e-06,0.493118787650289
1.54991673672836e-06,0.488712121487152
1.54991773722861e-06,0.484220624492836
1.54991873772886e-06,0.479644190445624
1.54991973822911e-06,0.474982770652138
1.54992073872936e-06,0.47023637795013
1.54992173922961e-06,0.465405090839689
1.54992273972986e-06,0.460489057727299
1.54992374023012e-06,0.455488501260747
1.54992474073037e-06,0.450403722769365
1.54992574123062e-06,0.445235106786752
1.54992674173087e-06,0.439983125660686
1.54992774223112e-06,0.434648344213741
1.54992874273137e-06,0.429231424465032
1.54992974323162e-06,0.423733130391425
1.54993074373187e-06,0.418154332709448
1.54993174423212e-06,0.41249601365022
1.54993274473237e-06,0.406759271741716
1.54993374523262e-06,0.400945326529674
1.54993474573287e-06,0.395055523256097
1.54993574623312e-06,0.38909133743868
1.54993674673337e-06,0.383054379356923
1.54993774723362e-06,0.376946398371852
1.54993874773387e-06,0.370769287097999
1.54993974823412e-06,0.364525085368601
1.54994074873437e-06,0.358215983946182
1.54994174923462e-06,0.351844327986996
1.54994274973487e-06,0.345412620174511
1.54994375023512e-06,0.338923523534711
1.54994475073537e-06,0.332379863829284
1.54994575123562e-06,0.325784631556994
1.54994675173587e-06,0.319140983476509
1.54994775223612e-06,0.312452243620785
1.54994875273637e-06,0.305721903775574
1.54994975323662e-06,0.298953623366029
1.54995075373687e-06,0.292151228721835
1.54995175423712e-06,0.285318711673008
1.54995275473737e-06,0.278460227454779
1.54995375523762e-06,0.271580091880861
1.54995475573787e-06,0.264682777738348
1.54995575623812e-06,0.257772910397238
1.54995675673837e-06,0.250855262611429
1.54995775723862e-06,0.243934748458505
1.54995875773887e-06,0.237016416442247
1.54995975823912e-06,0.230105441718336
1.54996075873937e-06,0.223207117459541
1.54996175923962e-06,0.216326845324226
1.54996275973987e-06,0.209470125093817
1.54996376024012e-06,0.202642543436362
1.54996476074037e-06,0.195849761844225
1.54996576124062e-06,0.189097503779439
1.54996676174087e-06,0.182391541046469
1.54996776224112e-06,0.175737679454455
1.54996876274137e-06,0.169141743794748
1.54996976324162e-06,0.162609562224113
1.54997076374187e-06,0.156146950105639
1.54997176424212e-06,0.14975969336763
1.54997276474237e-06,0.143453531489941
1.54997376524262e-06,0.137234140191931
1.54997476574287e-06,0.131107113892735
1.54997576624312e-06,0.125077948093348
1.54997676674337e-06,0.119152021728256
1.54997776724362e-06,0.113334579632554
1.54997876774387e-06,0.10763071520033
1.54997976824412e-06,0.102045353372372
1.54998076874437e-06,0.0965832340477634
1.54998176924462e-06,0.0912488960241417
1.54998276974487e-06,0.0860466615789152
1.54998377024512e-06,0.0809806217983217
1.54998477074537e-06,0.0760546227560745
1.54998577124562e-06,0.0712722526039101
1.54998677174587e-06,0.0666368297134196
1.54998777224612e-06,0.062151391906693
1.54998877274637e-06,0.0578186868568818
1.54998977324662e-06,0.0536411637327046
1.54999077374687e-06,0.049620966135373
1.54999177424712e-06,0.0457599263455103
1.54999277474737e-06,0.0420595609550804
1.54999377524762e-06,0.0385210678634701
1.54999477574787e-06,0.0351453246726753
1.54999577624812e-06,0.0319328884635451
1.54999677674837e-06,0.0288839969487609
1.54999777724862e-06,0.0259985709782217
1.54999877774887e-06,0.0232762183522897
1.54999977824912e-06,0.0207162389128133
1.55000077874937e-06,0.0183176308499285
1.55000177924962e-06,0.016079098164555
1.55000277974987e-06,0.0139990592140253
1.55000378025013e-06,0.0120756562754352
1.55000478075038e-06,0.010306766034767
1.55000578125063e-06,0.00869001091738454
1.55000678175088e-06,0.00722277117786103
1.55000778225113e-06,0.00590219764846111
1.55000878275138e-06,0.00472522505402216
1.55000978325163e-06,0.00368858580471172
1.55001078375188e-06,0.00278882416428658
1.55001178425213e-06,0.0020223107086315
1.55001278475238e-06,0.00138525697635428
1.55001378525263e-06,0.000873730230345304
1.55001478575288e-06,0.000483668242482391
1.55001578625313e-06,0.000210894019614841
1.55001678675338e-06,5.11303986538682e-05
1.55001778725363e-06,1.4437630856962e-08
1.55001878775388e-06,5.31115373563755e-05
1.55001978825413e-06,0.000205929234947136
1.55002078875438e-06,0.00045393061435222
1.55002178925463e-06,0.000792547286352342
1.55002278975488e-06,0.00121719189524918
1.55002379025513e-06,0.00172327011705825
1.55002479075538e-06,0.0023061921166587
1.55002579125563e-06,0.00296138344240953
1.55002679175588e-06,0.00368429533558743
1.55002779225613e-06,0.00447041444094979
1.55002879275638e-06,0.00531527191194257
1.55002979325663e-06,0.00621445190163767
1.55003079375688e-06,0.00716359944278319
1.55003179425713e-06,0.00815842771706057
1.55003279475738e-06,0.00919472472410826
1.55003379525763e-06,0.0102683593569718
1.55003479575788e-06,0.0113752869012946
1.55003579625813e-06,0.0125115539686363
1.55003679675838e-06,0.0136733028883637
1.55003779725863e-06,0.0148567755729793
1.55003879775888e-06,0.0160583168779378
1.55003979825913e-06,0.0172743774837179
1.55004079875938e-06,0.0185015163186164
1.55004179925963e-06,0.0197364025463336
1.55004279975988e-06,0.0209758171487255
1.55004380026013e-06,0.0222166541212352
1.55004480076038e-06,0.0234559213125129
1.55004580126063e-06,0.0246907409264511
1.55004680176088e-06,0.0259183497186456
1.55004780226113e-06,0.0271360989058948
1.55004880276138e-06,0.028341453810502
1.55004980326163e-06,0.0295319932721816
1.55005080376188e-06,0.0307054088362968
1.55005180426213e-06,0.031859503750717
1.55005280476238e-06,0.032992191781796
1.55005380526263e-06,0.0341014958805812
1.55005480576288e-06,0.0351855467051749
1.55005580626313e-06,0.036242581023664
1.55005680676338e-06,0.0372709400144052
1.55005780726363e-06,0.0382690674741914
1.55005880776388e-06,0.0392355079524289
1.55005980826413e-06,0.0401689048226727
1.55006080876438e-06,0.0410679983052792
1.55006180926463e-06,0.0419316234489727
1.55006280976488e-06,0.0427587080858631
1.55006381026513e-06,0.0435482707667851
1.55006481076538e-06,0.0442994186848637
1.55006581126563e-06,0.045011345595595
1.55006681176588e-06,0.0456833297418009
1.55006781226613e-06,0.0463147317859424
1.55006881276638e-06,0.0469049927578502
1.55006981326663e-06,0.0474536320203785
1.55007081376688e-06,0.0479602452590742
1.55007181426713e-06,0.0484245024962622
1.55007281476738e-06,0.0488461461336248
1.55007381526763e-06,0.0492249890260656
1.55007481576788e-06,0.0495609125862469
1.55007581626813e-06,0.0498538649225886
1.55007681676838e-06,0.0501038590101977
1.55007781726863e-06,0.0503109708960806
1.55007881776888e-06,0.0504753379367596
1.55007981826913e-06,0.0505971570693495
1.55008081876938e-06,0.0506766831141879
1.55008181926963e-06,0.0507142271083445
1.55008281976989e-06,0.0507101546682384
1.55008382027014e-06,0.0506648843802279
1.55008482077039e-06,0.0505788862168464
1.55008582127064e-06,0.0504526799769486
1.55008682177089e-06,0.0502868337476794
1.55008782227114e-06,0.0500819623857375
1.55008882277139e-06,0.0498387260157438
1.55008982327164e-06,0.0495578285435496
1.55009082377189e-06,0.0492400161810995
1.55009182427214e-06,0.0488860759814164
1.55009282477239e-06,0.0484968343806426
1.55009382527264e-06,0.0480731557446981
1.55009482577289e-06,0.0476159409173585
1.55009582627314e-06,0.0471261257685576
1.55009682677339e-06,0.0466046797405247
1.55009782727364e-06,0.0460526043870272
1.55009882777389e-06,0.0454709319067734
1.55009982827414e-06,0.0448607236672653
1.55010082877439e-06,0.0442230687165404
1.55010182927464e-06,0.0435590822820435
1.55010282977489e-06,0.0428699042550942
1.55010383027514e-06,0.0421566976577995
1.55010483077539e-06,0.0414206470936939
1.55010583127564e-06,0.0406629571772255
1.55010683177589e-06,0.0398848509467896
1.55010783227614e-06,0.0390875682532334
1.55010883277639e-06,0.0382723641307983
1.55010983327664e-06,0.0374405071443133
1.55011083377689e-06,0.0365932777167878
1.55011183427714e-06,0.0357319664342847
1.55011283477739e-06,0.0348578723317564
1.55011383527764e-06,0.0339723011572843
1.55011483577789e-06,0.0330765636192409
1.55011583627814e-06,0.0321719736126944
1.55011683677839e-06,0.0312598464347633
1.55011783727864e-06,0.0303414969784505
1.55011883777889e-06,0.0294182379200549
1.55011983827914e-06,0.0284913778931989
1.55012083877939e-06,0.0275622196558797
1.55012183927964e-06,0.0266320582516855
1.55012283977989e-06,0.0257021791689927
1.55012384028014e-06,0.0247738565028497
1.55012484078039e-06,0.023848351117243
1.55012584128064e-06,0.0229269088189054
1.55012684178089e-06,0.0220107585404911
1.55012784228114e-06,0.0211011105396382
1.55012884278139e-06,0.0201991546165483
1.55012984328164e-06,0.0193060583550584
1.55013084378189e-06,0.0184229653926455
1.55013184428214e-06,0.0175509937194848
1.55013284478239e-06,0.0166912340148003
1.55013384528264e-06,0.0158447480249236
1.55013484578289e-06,0.0150125669824123
1.55013584628314e-06,0.0141956900776135
1.55013684678339e-06,0.013395082981316
1.55013784728364e-06,0.0126116764263243
1.55013884778389e-06,0.0118463648477855
1.55013984828414e-06,0.0111000050918585
1.55014084878439e-06,0.0103734151929678
1.55014184928464e-06,0.00966737322171086
1.55014284978489e-06,0.00898261621292475
1.55014385028514e-06,0.00831983917011868
1.55014485078539e-06,0.00767969415474677
1.55014585128564e-06,0.00706278946032698
1.55014685178589e-06,0.00646968887409783
1.55014785228614e-06,0.00590091103065825
1.55014885278639e-06,0.00535692885588113
1.55014985328664e-06,0.00483816910640598
1.55015085378689e-06,0.00434501200383701
1.55015185428714e-06,0.00387779096482585
1.55015285478739e-06,0.00343679242944687
1.55015385528764e-06,0.00302225578518557
1.55015485578789e-06,0.00263437339002026
1.55015585628814e-06,0.00227329069100432
1.55015685678839e-06,0.00193910643977435
1.55015785728864e-06,0.00163187300416564
1.55015885778889e-06,0.00135159677182027
1.55015985828914e-06,0.00109823864811772
1.55016085878939e-06,0.000871714642834314
1.55016185928964e-06,0.000671896545874871
1.55016285978989e-06,0.00049861268777495
1.55016386029015e-06,0.000351648782908547
1.5501648607904e-06,0.000230748852563783
1.55016586129065e-06,0.000135616223615303
1.5501668617909e-06,6.59146003101546e-05
1.55016786229115e-06,2.1269204574253e-05
1.5501688627914e-06,1.26798135913012e-06
1.55016986329165e-06,5.4628648807486e-06
1.5501708637919e-06,3.33711014304252e-05
1.55017186429215e-06,8.44766244069583e-05
1.5501728647924e-06,0.000158231477356388
1.55017386529265e-06,0.000254057280305221
1.5501748657929e-06,0.000371346734721326
1.55017586629315e-06,0.000509465163236449
1.5501768667934e-06,0.00066775207846774
1.55017786729365e-06,0.000845522777419959
1.5501788677939e-06,0.0010420699561241
1.55017986829415e-06,0.00125666534088705
1.5501808687944e-06,0.00148856133093154
1.55018186929465e-06,0.0017369926484758
1.5501828697949e-06,0.00200117799229147
1.55018387029515e-06,0.00228032169063062
1.5501848707954e-06,0.00257361534845333
1.55018587129565e-06,0.00288023948741074
1.5501868717959e-06,0.00319936517271415
1.55018787229615e-06,0.00353015562440559
1.5501888727964e-06,0.00387176781002688
1.55018987329665e-06,0.00422335401487428
1.5501908737969e-06,0.00458406338744195
1.55019187429715e-06,0.00495304345617213
1.5501928747974e-06,0.00532944161767359
1.55019387529765e-06,0.00571240659008686
1.5501948757979e-06,0.00610108983312888
1.55019587629815e-06,0.00649464692985515
1.5501968767984e-06,0.00689223893132168
1.55019787729865e-06,0.00729303365973588
1.5501988777989e-06,0.00769620697006649
1.55019987829915e-06,0.00810094396919051
1.5502008787994e-06,0.00850644019064301
1.55020187929965e-06,0.00891190272475636
1.5502028797999e-06,0.00931655130228511
1.55020388030015e-06,0.00971961933349859
1.5502048808004e-06,0.0101203548989806
1.55020588130065e-06,0.0105180216942186
1.5502068818009e-06,0.0109118999277174
1.55020788230115e-06,0.0113012871708802
1.5502088828014e-06,0.0116854991615089
1.55020988330165e-06,0.0120638705611747
1.5502108838019e-06,0.0124357556644555
1.55021188430215e-06,0.0128005290642233
1.5502128848024e-06,0.0131575862692534
1.55021388530265e-06,0.0135063442784293
1.5502148858029e-06,0.013846242109806
1.55021588630315e-06,0.0141767412858018
1.5502168868034e-06,0.0144973262758973
1.55021788730365e-06,0.0148075048969301
1.5502188878039e-06,0.0151068086714737
1.55021988830415e-06,0.0153947931465802
1.5502208888044e-06,0.0156710381722805
1.55022188930465e-06,0.0159351481412408
1.5502228898049e-06,0.0161867521906736
1.55022389030515e-06,0.0164255043673724
1.5502248908054e-06,0.0166510837565734
1.55022589130565e-06,0.016863194575272
1.5502268918059e-06,0.0170615662319422
1.55022789230615e-06,0.0172459533524507
1.5502288928064e-06,0.0174161357734471
1.55022989330665e-06,0.0175719185042605
1.5502308938069e-06,0.0177131316578788
1.55023189430715e-06,0.0178396303522874
1.5502328948074e-06,0.0179512945819057
1.55023389530765e-06,0.0180480290615413
1.5502348958079e-06,0.0181297630420065
1.55023589630815e-06,0.0181964500991459
1.5502368968084e-06,0.0182480678965884
1.55023789730865e-06,0.0182846179230307
1.5502388978089e-06,0.0183061252045726
1.55023989830915e-06,0.0183126379928904
1.5502408988094e-06,0.0183042274297766
1.55024189930965e-06,0.0182809871886491
1.55024289980991e-06,0.0182430330935982
1.55024390031016e-06,0.018190502716552
1.55024490081041e-06,0.0181235549529956
1.55024590131066e-06,0.0180423695769693
1.55024690181091e-06,0.0179471467756479
1.55024790231116e-06,0.0178381066639176
1.55024890281141e-06,0.0177154887799162
1.55024990331166e-06,0.0175795515615804
1.55025090381191e-06,0.0174305718044985
1.55025190431216e-06,0.017268844102312
1.55025290481241e-06,0.0170946802693852
1.55025390531266e-06,0.0169084087468097
1.55025490581291e-06,0.0167103739915441
1.55025590631316e-06,0.0165009358499886
1.55025690681341e-06,0.0162804689162012
1.55025790731366e-06,0.0160493618748278
1.55025890781391e-06,0.0158080168298755
1.55025990831416e-06,0.0155568486203521
1.55026090881441e-06,0.0152962841217311
1.55026190931466e-06,0.0150267615354364
1.55026290981491e-06,0.0147487296667466
1.55026391031516e-06,0.0144626471909393
1.55026491081541e-06,0.0141689819093376
1.55026591131566e-06,0.0138682099951254
1.55026691181591e-06,0.0135608152313535
1.55026791231616e-06,0.0132472882389759
1.55026891281641e-06,0.0129281256994008
1.55026991331666e-06,0.0126038295694331
1.55027091381691e-06,0.0122749062911412
1.55027191431716e-06,0.0119418659970796
1.55027291481741e-06,0.0116052217118473
1.55027391531766e-06,0.0112654885514906
1.55027491581791e-06,0.0109231829205785
1.55027591631816e-06,0.0105788217095022
1.55027691681841e-06,0.010232921492897
1.55027791731866e-06,0.00988599772823273
1.55027891781891e-06,0.00953856395942339
1.55027991831916e-06,0.00919113102323343
1.55028091881941e-06,0.00884420626204542
1.55028191931966e-06,0.00849829274238671
1.55028291981991e-06,0.00815388848207567
1.55028392032016e-06,0.00781148568691702
1.55028492082041e-06,0.00747156999665058
1.55028592132066e-06,0.0071346197438678
1.55028692182091e-06,0.00680110522543896
1.55028792232116e-06,0.00647148798873553
1.55028892282141e-06,0.00614622013304195
1.55028992332166e-06,0.00582574362817491
1.55029092382191e-06,0.00551048965155504
1.55029192432216e-06,0.0052008779443562
1.55029292482241e-06,0.00489731618822233
1.55029392532266e-06,0.00460019940484524
1.55029492582291e-06,0.00430990937740813
1.55029592632316e-06,0.00402681409690143
1.55029692682341e-06,0.00375126723350556
1.55029792732366e-06,0.00348360763457097
1.55029892782391e-06,0.00322415884951684
1.55029992832416e-06,0.0029732286831535
1.55030092882441e-06,0.00273110877863275
1.55030192932466e-06,0.00249807422939853
1.55030292982491e-06,0.00227438322268426
1.55030393032516e-06,0.00206027671423395
1.55030493082541e-06,0.00185597813505944
1.55030593132566e-06,0.00166169313045855
1.55030693182591e-06,0.00147760933266659
1.55030793232616e-06,0.00130389616681395
1.55030893282641e-06,0.00114070469018951
1.55030993332666e-06,0.00098816746602271
1.55031093382691e-06,0.00084639847147153
1.55031193432716e-06,0.000715493039245195
1.55031293482741e-06,0.000595527834080338
1.55031393532766e-06,0.000486560862830991
1.55031493582791e-06,0.000388631518849423
1.55031593632816e-06,0.000301760659630663
1.55031693682841e-06,0.000225950717951549
1.55031793732866e-06,0.000161185845866305
1.55031893782891e-06,0.000107432090902839
1.55031993832916e-06,6.46376041344391e-05
1.55032093882941e-06,3.27328792037543e-05
1.55032193932966e-06,1.16310218103186e-05
1.55032293982991e-06,1.22804857902947e-06
1.55032394033017e-06,1.40321471691305e-06
1.55032494083042e-06,1.20193693067733e-05
1.55032594133067e-06,3.29233373552334e-05
1.55032694183092e-06,6.39463274986266e-05
1.55032794233117e-06,0.000104904364328822
1.55032894283142e-06,0.000155598743999587
1.55032994333167e-06,0.000215816512272204
1.55033094383192e-06,0.000285330963441594
1.55033194433217e-06,0.00036390215892486
1.55033294483242e-06,0.0004512774644986
1.55033394533267e-06,0.000547192104488068
1.55033494583292e-06,0.000651369731829321
1.55033594633317e-06,0.000763523012527076
1.55033694683342e-06,0.000883354223267134
1.55033794733367e-06,0.00101055586075614
1.55033894783392e-06,0.001144811261013
1.55033994833417e-06,0.00128579522832661
1.55034094883442e-06,0.00143317467120814
1.55034194933467e-06,0.00158660924466989
1.55034294983492e-06,0.00174575199789235
1.55034395033517e-06,0.00191025002469954
1.55034495083542e-06,0.00207974511705694
1.55034595133567e-06,0.0022538744189036
1.55034695183592e-06,0.00243227108033095
1.55034795233617e-06,0.00261456490983525
1.55034895283642e-06,0.00280038302410532
1.55034995333667e-06,0.00298935049389966
1.55035095383692e-06,0.00318109098525829
1.55035195433717e-06,0.00337522739395277
1.55035295483742e-06,0.0035713824739854
1.55035395533767e-06,0.0037691794570559
1.55035495583792e-06,0.00396824266352396
1.55035595633817e-06,0.00416819810311201
1.55035695683842e-06,0.00436867406529738
1.55035795733867e-06,0.00456930169765657
1.55035895783892e-06,0.00476971557181619
1.55035995833917e-06,0.00496955423672021
1.55036095883942e-06,0.00516846075760474
1.55036195933967e-06,0.00536608324081632
1.55036295983992e-06,0.00556207534330127
1.55036396034017e-06,0.00575609676698097
1.55036496084042e-06,0.00594781373659468
1.55036596134067e-06,0.00613689946098697
1.55036696184092e-06,0.00632303457782525
1.55036796234117e-06,0.00650590758057247
1.55036896284142e-06,0.00668521522754322
1.55036996334167e-06,0.00686066293378575
1.55037096384192e-06,0.00703196514383884
1.55037196434217e-06,0.00719884568626064
1.55037296484242e-06,0.00736103810961699
1.55037396534267e-06,0.00751828599943452
1.55037496584292e-06,0.00767034327623737
1.55037596634317e-06,0.00781697447434073
1.55037696684342e-06,0.00795795500166908
1.55037796734367e-06,0.00809307138037977
1.55037896784392e-06,0.00822212146795662
1.55037996834417e-06,0.00834491465942466
1.55038096884442e-06,0.00846127207022726
1.55038196934467e-06,0.00857102669988573
1.55038296984492e-06,0.00867402357676504
1.55038397034517e-06,0.00877011988372257
1.55038497084542e-06,0.00885918506505659
1.55038597134567e-06,0.00894110091439897
1.55038697184592e-06,0.00901576164438228
1.55038797234617e-06,0.00908307393765844
1.55038897284642e-06,0.00914295697971543
1.55038997334667e-06,0.00919534247354646
1.55039097384692e-06,0.0092401746365934
1.55039197434717e-06,0.00927741017983946
1.55039297484742e-06,0.00930701826956513
1.55039397534767e-06,0.00932898047188421
1.55039497584792e-06,0.00934329068027895
1.55039597634817e-06,0.00934995502643119
1.55039697684842e-06,0.00934899177458704
1.55039797734867e-06,0.00934043119976843
1.55039897784892e-06,0.00932431545004258
1.55039997834917e-06,0.00930069839323404
1.55040097884942e-06,0.00926964544826512
1.55040197934967e-06,0.00923123340151969
1.55040297984993e-06,0.00918555020858019
1.55040398035018e-06,0.00913269478151028
1.55040498085043e-06,0.00907277676217839
1.55040598135068e-06,0.00900591628186077
1.55040698185093e-06,0.00893224370767621
1.55040798235118e-06,0.00885189937579379
1.55040898285143e-06,0.00876503331234103
1.55040998335168e-06,0.00867180494200523
1.55041098385193e-06,0.00857238278481045
1.55041198435218e-06,0.0084669441415496
1.55041298485243e-06,0.00835567476831257
1.55041398535268e-06,0.00823876854044597
1.55041498585293e-06,0.00811642710633808
1.55041598635318e-06,0.00798885953174257
1.55041698685343e-06,0.00785628193486869
1.55041798735368e-06,0.00771891711272539
1.55041898785393e-06,0.00757699415930294
1.55041998835418e-06,0.00743074807635939
1.55042098885443e-06,0.00728041937646389
1.55042198935468e-06,0.00712625367999762
1.55042298985493e-06,0.00696850130576537
1.55042399035518e-06,0.00680741685618949
1.55042499085543e-06,0.00664325879739246
1.55042599135568e-06,0.00647628903513768
1.55042699185593e-06,0.0063067724868779
1.55042799235618e-06,0.00613497665050078
1.55042899285643e-06,0.00596117117075788
1.55042999335668e-06,0.00578562740359575
1.55043099385693e-06,0.00560861797926901
1.55043199435718e-06,0.00543041636466724
1.55043299485743e-06,0.00525129642567604
1.55043399535768e-06,0.00507153199045225
1.55043499585793e-06,0.00489139641367059
1.55043599635818e-06,0.00471116214279782
1.55043699685843e-06,0.0045311002872459
1.55043799735868e-06,0.00435148019073113
1.55043899785893e-06,0.0041725690075165
1.55043999835918e-06,0.00399463128356507
1.55044099885943e-06,0.00381792854310283
1.55044199935968e-06,0.00364271888087895
1.55044299985993e-06,0.00346925656135797
1.55044400036018e-06,0.00329779162549686
1.55044500086043e-06,0.00312856950521343
1.55044600136068e-06,0.0029618306465842
1.55044700186093e-06,0.00279781014252592
1.55044800236118e-06,0.00263673737545091
1.55044900286143e-06,0.00247883567015929
1.55045000336168e-06,0.00232432195805168
1.55045100386193e-06,0.00217340645343797
1.55045200436218e-06,0.00202629234145205
1.55045300486243e-06,0.00188317547918485
1.55045400536268e-06,0.00174424411029043
1.55045500586293e-06,0.00160967859314338
1.55045600636318e-06,0.00147965114332204
1.55045700686343e-06,0.0013543255911313
1.55045800736368e-06,0.00123385715396337
1.55045900786393e-06,0.0011183922244018
1.55046000836418e-06,0.00100806817406118
1.55046100886443e-06,0.000903013173936117
1.55046200936468e-06,0.000803346031015369
1.55046300986493e-06,0.000709176041699871
1.55046401036518e-06,0.000620602862416271
1.55046501086543e-06,0.000537716397306497
1.55046601136568e-06,0.000460596703075581
1.55046701186593e-06,0.000389313911678176
1.55046801236618e-06,0.000323928170323055
1.55046901286643e-06,0.0002644895990202
1.55047001336668e-06,0.000211038265865144
1.55047101386693e-06,0.00016360417985273
1.55047201436718e-06,0.000122207301135257
1.55047301486743e-06,8.68575686857068e-05
1.55047401536768e-06,5.75549452937719e-05
1.55047501586793e-06,3.42894795730498e-05
1.55047601636818e-06,1.70413848192236e-05
1.55047701686843e-06,5.78113454851435e-06
1.55047801736868e-06,4.6957436405518e-07
1.55047901786893e-06,1.05804980952568e-06
1.55048001836918e-06,7.48854996526785e-06
1.55048101886943e-06,1.96938663271105e-05
1.55048201936968e-06,3.75977665690047e-05
1.55048301986993e-06,6.11151828444147e-05
1.55048402037019e-06,9.01524140284599e-05
1.55048502087044e-06,0.000124607341514286
1.55048602137069e-06,0.000164369658043145
1.55048702187094e-06,0.000209321109000615
1.55048802237119e-06,0.000259335745663452
1.55048902287144e-06,0.000314280189758686
1.55049002337169e-06,0.00037401390886374
1.55049102387194e-06,0.000438389501945949
1.55049202437219e-06,0.000507252994397792
1.55049302487244e-06,0.000580444142079628
1.55049402537269e-06,0.000657796743599066
1.55049502587294e-06,0.000739138960154724
1.55049602637319e-06,0.000824293642457692
1.55049702687344e-06,0.000913078663910185
1.55049802737369e-06,0.00100530725937809
1.55049902787394e-06,0.00110078836894986
1.55050002837419e-06,0.00119932698616632
1.55050102887444e-06,0.0013007245096404
1.55050202937469e-06,0.00140477909765629
1.55050302987494e-06,0.00151128602551461
1.55050403037519e-06,0.00162003804386687
1.55050503087544e-06,0.00173082573864403
1.55050603137569e-06,0.00184343789100684
1.55050703187594e-06,0.00195766183725825
1.55050803237619e-06,0.00207328382784188
1.55050903287644e-06,0.00219008938464526
1.55051003337669e-06,0.00230786365671891
1.55051103387694e-06,0.00242639177288159
1.55051203437719e-06,0.00254545919134827
1.55051303487744e-06,0.00266485204567056
1.55051403537769e-06,0.00278435748619793
1.55051503587794e-06,0.00290376401700781
1.55051603637819e-06,0.00302286182717324
1.55051703687844e-06,0.00314144311678678
1.55051803737869e-06,0.00325930241626946
1.55051903787894e-06,0.00337623689927651
1.55052003837919e-06,0.0034920466884328
1.55052103887944e-06,0.00360653515366679
1.55052203937969e-06,0.00371950920264481
1.55052303987994e-06,0.00383077956278434
1.55052404038019e-06,0.00394016105505039
1.55052504088044e-06,0.00404747285855318
1.55052604138069e-06,0.00415253876605748
1.55052704188094e-06,0.00425518743005757
1.55052804238119e-06,0.00435525259909596
1.55052904288144e-06,0.00445257334380004
1.55053004338169e-06,0.00454699427325712
1.55053104388194e-06,0.0046383657404267
1.55053204438219e-06,0.00472654403730955
1.55053304488244e-06,0.00481139157893146
1.55053404538269e-06,0.00489277707690148
1.55053504588294e-06,0.00497057570143862
1.55053604638319e-06,0.00504466923241674
1.55053704688344e-06,0.00511494619904891
1.55053804738369e-06,0.00518130200826969
1.55053904788394e-06,0.00524363906149196
1.55054004838419e-06,0.00530186686001159
1.55054104888444e-06,0.00535590209882039
1.55054204938469e-06,0.00540566874885139
1.55054304988494e-06,0.00545109812751359
1.55054405038519e-06,0.00549212895787542
1.55054505088544e-06,0.00552870741614874
1.55054605138569e-06,0.00556078716761529
1.55054705188594e-06,0.00558832939119672
1.55054805238619e-06,0.00561130279246774
1.55054905288644e-06,0.00562968360543168
1.55055005338669e-06,0.00564345558292823
1.55055105388694e-06,0.00565260997594456
1.55055205438719e-06,0.00565714550180546
1.55055305488744e-06,0.00565706830143769
1.55055405538769e-06,0.00565239188580934
1.55055505588794e-06,0.00564313707169044
1.55055605638819e-06,0.0056293319068824
1.55055705688844e-06,0.00561101158510168
1.55055805738869e-06,0.00558821835063808
1.55055905788894e-06,0.00556100139303113
1.55056005838919e-06,0.00552941673195347
1.55056105888944e-06,0.00549352709242165
1.5505620593897e-06,0.00545340177066832
1.55056305988995e-06,0.00540911649085294
1.5505640603902e-06,0.00536075325280136
1.55056506089045e-06,0.00530840017103032
1.5505660613907e-06,0.00525215130544614
1.55056706189095e-06,0.00519210648375541
1.5505680623912e-06,0.0051283711160338
1.55056906289145e-06,0.00506105600165089
1.5505700633917e-06,0.00499027712895341
1.55057106389195e-06,0.00491615546774266
1.5505720643922e-06,0.00483881675529186
1.55057306489245e-06,0.00475839127566831
1.5505740653927e-06,0.0046750136333596
1.55057506589295e-06,0.00458882252076933
1.5505760663932e-06,0.00449996048059039
1.55057706689345e-06,0.00440857366311473
1.5505780673937e-06,0.00431481157875966
1.55057906789395e-06,0.00421882684636991
1.5505800683942e-06,0.00412077493754198
1.55058106889445e-06,0.004020813917492
1.5505820693947e-06,0.00391910418261865
1.55058306989495e-06,0.00381580819536417
1.5505840703952e-06,0.00371109021678307
1.55058507089545e-06,0.00360511603699652
1.5505860713957e-06,0.00349805270416458
1.55058707189595e-06,0.0033900682524231
1.5505880723962e-06,0.00328133142881152
1.55058907289645e-06,0.00317201142026321
1.5505900733967e-06,0.00306227758037712
1.55059107389695e-06,0.00295229915710637
1.5505920743972e-06,0.00284224502096922
1.55059307489745e-06,0.00273228339497983
1.5505940753977e-06,0.00262258158648805
1.55059507589795e-06,0.00251330572084764
1.5505960763982e-06,0.00240462047824349
1.55059707689845e-06,0.00229668883327573
1.5505980773987e-06,0.00218967179830311
1.55059907789895e-06,0.0020837281705389
1.5506000783992e-06,0.00197901428354948
1.55060107889945e-06,0.00187568376370649
1.5506020793997e-06,0.00177388729135874
1.55060307989995e-06,0.00167377236797774
1.5506040804002e-06,0.00157548308902257
1.55060508090045e-06,0.00147915992308276
1.5506060814007e-06,0.00138493949773499
1.55060708190095e-06,0.0012929543924609
1.5506080824012e-06,0.00120333293887386
1.55060908290145e-06,0.00111619902857092
1.5506100834017e-06,0.00103167192912147
1.55061108390195e-06,0.00094986610829345
1.5506120844022e-06,0.000870891066836786
1.55061308490245e-06,0.000794851180179254
1.5506140854027e-06,0.000721845549282036
1.55061508590295e-06,0.000651967860817916
1.5506160864032e-06,0.000585306256889382
1.55061708690345e-06,0.000521943214643023
1.5506180874037e-06,0.000461955435806016
1.55061908790395e-06,0.000405413746329255
1.5506200884042e-06,0.000352383006414972
1.55062108890445e-06,0.000302922030918212
1.5506220894047e-06,0.000257083520248309
1.55062308990495e-06,0.00021491400197552
1.5506240904052e-06,0.000176453783024968
1.55062509090545e-06,0.000141736912728972
1.5506260914057e-06,0.000110791156504746
1.55062709190595e-06,8.36379804055105e-05
1.5506280924062e-06,6.02925463812027e-05
1.55062909290645e-06,4.07637182426948e-05
1.5506300934067e-06,2.50540783222848e-05
1.55063109390695e-06,1.31599546901563e-05
1.5506320944072e-06,5.07145886277841e-06
1.55063309490745e-06,7.72533879254857e-07
1.5506340954077e-06,2.410126042069e-07
1.55063509590795e-06,3.44868611176532e-06
1.5506360964082e-06,1.03613819656782e-05
1.55063709690845e-06,2.0939052201106e-05
1.5506380974087e-06,3.51358708060796e-05
1.55063909790895e-06,5.29003404629664e-05
1.5506400984092e-06,7.41754083295885e-05
1.55064109890945e-06,9.88985905651705e-05
1.5506420994097e-06,0.000127002105317872
1.55064309990995e-06,0.000158413014001792
1.55064410041021e-06,0.000193053370347703
1.55064510091046e-06,0.000230840377074093
1.55064610141071e-06,0.000271686549900302
1.55064710191096e-06,0.000315499888289219
1.55064810241121e-06,0.000362184052947937
1.55064910291146e-06,0.000411638549300539
1.55065010341171e-06,0.000463758917084753
1.55065110391196e-06,0.000518436925123592
1.55065210441221e-06,0.0005755607713468
1.55065310491246e-06,0.000635015287504564
1.55065410541271e-06,0.000696682148054157
1.55065510591296e-06,0.00076044008308929
1.55065610641321e-06,0.000826165094691085
1.55065710691346e-06,0.000893730676478654
1.55065810741371e-06,0.000963008035703243
1.55065910791396e-06,0.00103386631780272
1.55066010841421e-06,0.00110617283277649
1.55066110891446e-06,0.00117979328309269
1.55066210941471e-06,0.00125459199260608
1.55066310991496e-06,0.00133043213635886
1.55066411041521e-06,0.00140717597051571
1.55066511091546e-06,0.00148468506234912
1.55066611141571e-06,0.00156282051955995
1.55066711191596e-06,0.00164144321915655
1.55066811241621e-06,0.0017204140346937
1.55066911291646e-06,0.00179959406214463
1.55067011341671e-06,0.001878844843922
1.55067111391696e-06,0.00195802859048557
1.55067211441721e-06,0.00203700839923356
1.55067311491746e-06,0.00211564847082544
1.55067411541771e-06,0.00219381432176892
1.55067511591796e-06,0.00227137299376182
1.55067611641821e-06,0.00234819325883861
1.55067711691846e-06,0.00242414582074377
1.55067811741871e-06,0.00249910351140377
1.55067911791896e-06,0.00257294148288423
1.55068011841921e-06,0.0026455373943244
1.55068111891946e-06,0.00271677159366801
1.55068211941971e-06,0.00278652729367571
1.55068311991996e-06,0.00285469074248289
1.55068412042021e-06,0.00292115138816112
1.55068512092046e-06,0.00298580203694586
1.55068612142071e-06,0.00304853900539592
1.55068712192096e-06,0.00310926226589009
1.55068812242121e-06,0.00316787558548927
1.55068912292146e-06,0.00322428665790177
1.55069012342171e-06,0.00327840722855036
1.55069112392196e-06,0.00333015321247329
1.55069212442221e-06,0.00337944480496
1.55069312492246e-06,0.00342620658485271
1.55069412542271e-06,0.00347036761047287
1.55069512592296e-06,0.00351186150786833
1.55069612642321e-06,0.00355062655153061
1.55069712692346e-06,0.00358660573744385
1.55069812742371e-06,0.00361974684833175
1.55069912792396e-06,0.00365000251119761
1.55070012842421e-06,0.0036773302469797
1.55070112892446e-06,0.00370169251246661
1.55070212942471e-06,0.00372305673424695
1.55070312992496e-06,0.00374139533493103
1.55070413042521e-06,0.00375668575145869
1.55070513092546e-06,0.00376891044563463
1.55070613142571e-06,0.00377805690686127
1.55070713192596e-06,0.00378411764711397
1.55070813242621e-06,0.00378709018825162
1.55070913292646e-06,0.00378697704166682
1.55071013342671e-06,0.00378378568037428
1.55071113392696e-06,0.00377752850361548
1.55071213442721e-06,0.00376822279405395
1.55071313492746e-06,0.00375589066767273
1.55071413542771e-06,0.00374055901647806
1.55071513592796e-06,0.00372225944408458
1.55071613642821e-06,0.00370102819439758
1.55071713692846e-06,0.00367690607342406
1.55071813742871e-06,0.00364993836439873
1.55071913792896e-06,0.00362017473635841
1.55072013842921e-06,0.00358766914642425
1.55072113892946e-06,0.00355247973571028
1.55072213942971e-06,0.00351466871929163
1.55072313992997e-06,0.00347430227032348
1.55072414043022e-06,0.00343145039842327
1.55072514093047e-06,0.00338618682258273
1.55072614143072e-06,0.00333858883879811
1.55072714193097e-06,0.00328873718270252
1.55072814243122e-06,0.00323671588725916
1.55072914293147e-06,0.0031826121358289
1.55073014343172e-06,0.00312651611090182
1.55073114393197e-06,0.00306852083863105
1.55073214443222e-06,0.00300872202938557
1.55073314493247e-06,0.00294721791478493
1.55073414543272e-06,0.00288410908111297
1.55073514593297e-06,0.00281949829972638
1.55073614643322e-06,0.00275349035447555
1.55073714693347e-06,0.00268619186660458
1.55073814743372e-06,0.00261771111704891
1.55073914793397e-06,0.00254815786698935
1.55074014843422e-06,0.00247764317627487
1.55074114893447e-06,0.00240627922060741
1.55074214943472e-06,0.00233417910723771
1.55074314993497e-06,0.00226145668988373
1.55074415043522e-06,0.00218822638299604
1.55074515093547e-06,0.00211460297549968
1.55074615143572e-06,0.0020407014446236
1.55074715193597e-06,0.00196663676995576
1.55074815243622e-06,0.00189252374785485
1.55074915293647e-06,0.00181847680685452
1.55075015343672e-06,0.00174460982406733
1.55075115393697e-06,0.00167103594309622
1.55075215443722e-06,0.00159786739345861
1.55075315493747e-06,0.00152521531217085
1.55075415543772e-06,0.00145318956749341
1.55075515593797e-06,0.00138189858533277
1.55075615643822e-06,0.0013114491783006
1.55075715693847e-06,0.00124194637803873
1.55075815743872e-06,0.00117349327090312
1.55075915793897e-06,0.00110619083722501
1.55076015843922e-06,0.00104013779444889
1.55076115893947e-06,0.000975430444671515
1.55076215943972e-06,0.000912162526186803
1.55076315993997e-06,0.000850425070062857
1.55076416044022e-06,0.000790306261404721
1.55076516094047e-06,0.000731891305739541
1.55076616144072e-06,0.00067526230071067
1.55076716194097e-06,0.000620498113342663
1.55076816244122e-06,0.000567674263089946
1.55076916294147e-06,0.000516862810596629
1.55077016344172e-06,0.000468132252707546
1.55077116394197e-06,0.000421547423766314
1.55077216444222e-06,0.000377169403086921
1.55077316494247e-06,0.000335055429254132
1.55077416544272e-06,0.000295258820907712
1.55077516594297e-06,0.000257828904432557
1.55077616644322e-06,0.000222810948481621
1.55077716694347e-06,0.000190246105529642
1.55077816744372e-06,0.000160171360526264
1.55077916794397e-06,0.000132619486645816
1.55078016844422e-06,0.000107619008265614
1.55078116894447e-06,8.51941712062872e-05
1.55078216944472e-06,6.5364920176786e-05
1.55078316994497e-06,4.81468835833706e-05
1.55078417044522e-06,3.35513655545557e-05
1.55078517094547e-06,2.15853452968474e-05
1.55078617144572e-06,1.22514836327707e-05
1.55078717194597e-06,5.54813679565288e-06
1.55078817244622e-06,1.46937736920886e-06
1.55078917294647e-06,5.02229259645224e-09
1.55079017344672e-06,1.14066790260793e-06
1.55079117394697e-06,4.85773188403966e-06
1.55079217444722e-06,1.11335020346508e-05
1.55079317494747e-06,1.99411917386329e-05
1.55079417544772e-06,3.12500020036623e-05
1.55079517594797e-06,4.50251899478392e-05
1.55079617644822e-06,6.12281435483813e-05
1.55079717694847e-06,7.98164625648989e-05
1.55079817744872e-06,0.000100744045319035
1.55079917794897e-06,0.0001239611813917
1.55080017844922e-06,0.00014941464974396
1.55080117894947e-06,0.000177047822378574
1.55080217944972e-06,0.000206800773004941
1.55080317994998e-06,0.000238610390841143
1.55080418045023e-06,0.000272410499048241
1.55080518095048e-06,0.000308131977649789
1.55080618145073e-06,0.000345702890809977
1.55080718195098e-06,0.000385048618086385
1.55080818245123e-06,0.000426091989448163
1.55080918295148e-06,0.00046875342383585
1.55081018345173e-06,0.000512951071022439
1.55081118395198e-06,0.000558600956420498
1.55081218445223e-06,0.000605617128660696
1.55081318495248e-06,0.000653911809682198
1.55081418545273e-06,0.000703395546962918
1.55081518595298e-06,0.000753977367718454
1.55081618645323e-06,0.000805564934804502
1.55081718695348e-06,0.000858064703927199
1.55081818745373e-06,0.000911382082086879
1.55081918795398e-06,0.000965421586719678
1.55082018845423e-06,0.0010200870055855
1.55082118895448e-06,0.00107528155690558
1.55082218945473e-06,0.00113090804939604
1.55082318995498e-06,0.00118686904238915
1.55082419045523e-06,0.00124306700517979
1.55082519095548e-06,0.00129940447584828
1.55082619145573e-06,0.00135578421884509
1.55082719195598e-06,0.0014121093816599
1.55082819245623e-06,0.00146828364972841
1.55082919295648e-06,0.00152421139966458
1.55083019345673e-06,0.00157979785070375
1.55083119395698e-06,0.00163494921366541
1.55083219445723e-06,0.0016895728377663
1.55083319495748e-06,0.00174357735456743
1.55083419545773e-06,0.00179687281927073
1.55083519595798e-06,0.00184937084882686
1.55083619645823e-06,0.00190098475679201
1.55083719695848e-06,0.00195162968485315
1.55083819745873e-06,0.00200122273059576
1.55083919795898e-06,0.0020496830715288
1.55084019845923e-06,0.00209693208510924
1.55084119895948e-06,0.00214289346467452
1.55084219945973e-06,0.00218749333103454
1.55084319995998e-06,0.00223066033956554
1.55084420046023e-06,0.00227232578294154
1.55084520096048e-06,0.00231242368890221
1.55084620146073e-06,0.00235089091335457
1.55084720196098e-06,0.00238766722850662
1.55084820246123e-06,0.00242269540591553
1.55084920296148e-06,0.00245592129439679
1.55085020346173e-06,0.00248729389274259
1.55085120396198e-06,0.00251676541708413
1.55085220446223e-06,0.00254429136291886
1.55085320496248e-06,0.00256983056157839
1.55085420546273e-06,0.00259334523135961
1.55085520596298e-06,0.00261480102294299
1.55085620646323e-06,0.00263416705929774
1.55085720696348e-06,0.00265141596997719
1.55085820746373e-06,0.00266652391972245
1.55085920796398e-06,0.00267947063143562
1.55086020846423e-06,0.00269023940346793
1.55086120896448e-06,0.00269881712126109
1.55086220946473e-06,0.00270519426332845
1.55086320996498e-06,0.00270936490157361
1.55086421046523e-06,0.00271132669603105
1.55086521096548e-06,0.00271108088399722
1.55086621146573e-06,0.00270863226363116
1.55086721196598e-06,0.00270398917206061
1.55086821246623e-06,0.00269716345804711
1.55086921296648e-06,0.00268817044927307
1.55087021346673e-06,0.00267702891433077
1.55087121396698e-06,0.00266376101946967
1.55087221446723e-06,0.00264839228020028
1.55087321496748e-06,0.00263095150786056
1.55087421546773e-06,0.00261147075118146
1.55087521596798e-06,0.00258998523305453
1.55087621646823e-06,0.00256653328250563
1.55087721696848e-06,0.00254115626209238
1.55087821746873e-06,0.00251389849073086
1.55087921796898e-06,0.00248480716222499
1.55088021846923e-06,0.00245393225952062
1.55088121896948e-06,0.00242132646485269
1.55088221946973e-06,0.0023870450659637
1.55088321996999e-06,0.00235114585850175
1.55088422047024e-06,0.00231368904485865
1.55088522097049e-06,0.00227473712938431
1.55088622147074e-06,0.00223435481044122
1.55088722197099e-06,0.00219260886926665
1.55088822247124e-06,0.00214956805581318
1.55088922297149e-06,0.00210530297193263
1.55089022347174e-06,0.00205988595190236
1.55089122397199e-06,0.00201339094053726
1.55089222447224e-06,0.0019658933691144
1.55089322497249e-06,0.00191747002931054
1.55089422547274e-06,0.00186819894531924
1.55089522597299e-06,0.00181815924426224
1.55089622647324e-06,0.00176743102540102
1.55089722697349e-06,0.00171609522794934
1.55089822747374e-06,0.00166423349799455
1.55089922797399e-06,0.00161192805467059
1.55090022847424e-06,0.0015592615556683
1.55090122897449e-06,0.00150631696254941
1.55090222947474e-06,0.00145317740576196
1.55090322997499e-06,0.00139992604982564
1.55090423047524e-06,0.00134664595884043
1.55090523097549e-06,0.00129341996241655
1.55090623147574e-06,0.00124033052240815
1.55090723197599e-06,0.00118745960061196
1.55090823247624e-06,0.00113488852746353
1.55090923297649e-06,0.00108269787223822
1.55091023347674e-06,0.00103096731483479
1.55091123397699e-06,0.000979775519259058
1.55091223447724e-06,0.000929200009040996
1.55091323497749e-06,0.000879317045019032
1.55091423547774e-06,0.000830201505340071
1.55091523597799e-06,0.000781926768069842
1.55091623647824e-06,0.000734564596576458
1.55091723697849e-06,0.000688185027870299
1.55091823747874e-06,0.000642856264089073
1.55091923797899e-06,0.000598644567181513
1.55092023847924e-06,0.00055561415717194
1.55092123897949e-06,0.000513827114008904
1.55092223947974e-06,0.00047334328317261
1.55092323997999e-06,0.000434220185281911
1.55092424048024e-06,0.000396512929750145
1.55092524098049e-06,0.000360274132624165
1.55092624148074e-06,0.000325553838869693
1.55092724198099e-06,0.000292399448991607
1.55092824248124e-06,0.000260855650380997
1.55092924298149e-06,0.000230964353187475
1.55093024348174e-06,0.000202764631141502
1.55093124398199e-06,0.000176292667132157
1.55093224448224e-06,0.000151581703790489
1.55093324498249e-06,0.000128661999064978
1.55093424548274e-06,0.000107560786915301
1.55093524598299e-06,8.8302243144122e-05
1.55093624648324e-06,7.09074563674171e-05
1.55093724698349e-06,5.53944042498854e-05
1.55093824748374e-06,4.1777934974193e-05
1.55093924798399e-06,3.00697539387736e-05
1.55094024848424e-06,2.02784157441049e-05
1.55094124898449e-06,1.24093214465036e-05
1.55094224948474e-06,6.46472104530287e-06
1.55094324998499e-06,2.44372118607372e-06
1.55094425048524e-06,3.42298089087313e-07
1.55094525098549e-06,1.53315609035179e-07
1.55094625148574e-06,1.86654840589344e-06
1.55094725198599e-06,5.46871016759708e-06
1.55094825248624e-06,1.0943486803131e-05
1.55094925298649e-06,1.82715745502492e-05
1.55095025348674e-06,2.7430722894079e-05
1.55095125398699e-06,3.83957822192219e-05
1.55095225448724e-06,5.113875607357e-05
1.55095325498749e-06,6.56288579771227e-05
1.55095425548774e-06,8.18325726150205e-05
1.55095525598799e-06,9.9713721281554e-05
1.55095625648824e-06,0.000119233531554923
1.55095725698849e-06,0.00014035071088725
1.55095825748874e-06,0.000163021524134324
1.55095925798899e-06,0.000187199874752082
1.55096025848924e-06,0.000212837389617201
1.55096125898949e-06,0.000239883507210795
1.55096225948974e-06,0.000268285569008341
1.55096325999e-06,0.000297988914037563
1.55096426049025e-06,0.000328936976248272
1.5509652609905e-06,0.000361071384598787
1.55096626149075e-06,0.000394332065753845
1.550967261991e-06,0.000428657349024758
1.55096826249125e-06,0.000463984073564234
1.5509692629915e-06,0.000500247697450396
1.55097026349175e-06,0.000537382408652109
1.550971263992e-06,0.00057532123746633
1.55097226449225e-06,0.000613996170394069
1.5509732649925e-06,0.000653338265266897
1.55097426549275e-06,0.000693277767237753
1.550975265993e-06,0.000733744225740749
1.55097626649325e-06,0.000774666611809741
1.5509772669935e-06,0.000815973436113684
1.55097826749375e-06,0.000857592866926105
1.550979267994e-06,0.000899452848234897
1.55098026849425e-06,0.000941481217673588
1.5509812689945e-06,0.000983605824071522
1.55098226949475e-06,0.00102575464436128
1.550983269995e-06,0.00106785589990191
1.55098427049525e-06,0.00110983817173706
1.5509852709955e-06,0.0011516305147705
1.55098627149575e-06,0.00119316257064992
1.550987271996e-06,0.00123436467925498
1.55098827249625e-06,0.0012751679884363
1.5509892729965e-06,0.00131550456197187
1.55099027349675e-06,0.00135530748566438
1.550991273997e-06,0.00139451097119288
1.55099227449725e-06,0.00143305045772489
1.5509932749975e-06,0.0014708627110631
1.55099427549775e-06,0.00150788592033006
1.550995275998e-06,0.00154405979183606
1.55099627649825e-06,0.0015793256400869
1.5509972769985e-06,0.00161362647591422
1.55099827749875e-06,0.00164690709145231
1.550999277999e-06,0.00167911414184569
1.55100027849925e-06,0.00171019622376747
1.5510012789995e-06,0.00174010395036815
1.55100227949975e-06,0.00176879002276566
1.55100328e-06,0.00179620929788043
